sampleID,visitDate,TN,TP,disNH4,disNO3,disPO4,TDN,TDP,locName,Pool Volume (cu ft)_x,samp_type,notes,samp_notes,y,x,Total_Mean_TP,Total_Mean_TN,Total_Mean_disNH4,Total_Mean_disNO3,Total_Mean_disPO4,Visit_Mean_TP,Visit_Mean_TN,Visit_Mean_disNH4,Visit_Mean_disNO3,Visit_Mean_disPO4,Wetland_ID,Max Depth  (ft),Slope Range,Bottom Deviation of wetland,Pool Volume (cu ft)_y,Season,Crop_Season,Defined_Season
W02747,2022-11-01,0.337236,0.015,0.02,0.3612,0.01,,,Aurand Run downstream,,sample,,,41.02389,-83.69826833,0.0261,1.7582,0.0358,1.3299,0.0104,0.015,0.3372,0.02,0.3612,0.01,A-D,,,,,Autumn,Non_Crop_Season,Season_4
W02684,2022-09-20,0.220779,0.015,0.02,0.094,0.0118,,,Aurand Run downstream,,sample,,,41.02388167,-83.69826667,0.0261,1.7582,0.0358,1.3299,0.0104,0.015,0.2208,0.02,0.094,0.0118,A-D,,,,,Autumn,Crop_Season,Season_3
W03746,2023-07-26,,,0.0787,0.2963,0.0133,,,Aurand Run downstream,,sample,,,41.023875,-83.69822333,0.0261,1.7582,0.0358,1.3299,0.0104,,,0.0787,0.2963,0.0133,A-D,,,,,Summer,Crop_Season,Season_5
W02633,2022-08-18,0.662625,0.015,0.0279,0.5079,0.01,,,Aurand Run downstream,,sample,,,41.02388833,-83.69823,0.0261,1.7582,0.0358,1.3299,0.0104,0.015,0.6626,0.0279,0.5079,0.01,A-D,,,,,Summer,Crop_Season,Season_3
W03659,2023-06-15,4.7,0.015,0.02,4.4833,0.01,,,Aurand Run downstream,,sample,,,41.02391333,-83.69821667,0.0261,1.7582,0.0358,1.3299,0.0104,0.015,4.7,0.02,4.4833,0.01,A-D,,,,,Summer,Crop_Season,Season_5
W00063,2021-07-30,0.762,0.022,0.02,0.406124,0.01,,,Aurand Run downstream,,sample ,"Access Aurand ran off County Road nine large drainage pipe leading into Aurand run. Water is flowing west. Sample taken from center of stream. Both filtered and unfiltered water samples taken. o sediment samples taken because this location on Aurand run is bedrock. The water measurements for this sample can also be used for 63. Tons of vegetation around this access point. We sample directly under the highway. Flow is coming from Aurand run itself, the tile connection at this point looks dry. Velocity of water flow is 0.29 m/s at depth of 0.12 m. At 0.17 m it is the same and at 0.07 m, so it is independent of depth. ",,41.023889,-83.698333,0.0261,1.7582,0.0358,1.3299,0.0104,0.022,0.762,0.02,0.4061,0.01,A-D,,,,,Summer,Crop_Season,Season_1
W00146,2021-08-27,0.982,0.022,0.02,0.1214,0.01,,,Aurand Run downstream,,sample,,,41.02381243,-83.69830105,0.0261,1.7582,0.0358,1.3299,0.0104,0.022,0.982,0.02,0.1214,0.01,A-D,,,,,Summer,Crop_Season,Season_1
W00353,2022-04-01,1.992,0.015,0.02,1.6937,0.01,,,Aurand Run downstream,,sample,,,41.02389667,-83.698205,0.0261,1.7582,0.0358,1.3299,0.0104,0.015,1.992,0.02,1.6937,0.01,A-D,,,,,Spring,Non_Crop_Season,Season_2
W02520,2022-07-14,1.092,0.016,0.0483,0.3403,0.01,,,Aurand Run downstream,,sample,,,41.02382667,-83.69817333,0.0261,1.7582,0.0358,1.3299,0.0104,0.016,1.092,0.0483,0.3403,0.01,A-D,,,,,Summer,Crop_Season,Season_3
W00384,2022-04-15,7.272,0.122,0.0322,6.4222,0.01,,,Aurand Run downstream,,sample,,,41.02391833,-83.69821167,0.0261,1.7582,0.0358,1.3299,0.0104,0.122,7.272,0.0322,6.4222,0.01,A-D,,,,,Spring,Non_Crop_Season,Season_2
W02802,2022-11-29,0.37,0.015,0.1024,0.2875,0.01,,,Aurand Run downstream,,sample,,,41.02386167,-83.69825333,0.0261,1.7582,0.0358,1.3299,0.0104,0.015,0.37,0.1024,0.2875,0.01,A-D,,,,,Autumn,Non_Crop_Season,Season_4
W03572,2023-04-18,0.95,0.015,0.02,0.945,0.01,,,Aurand Run downstream,,sample,,,41.02389,-83.69820333,0.0261,1.7582,0.0358,1.3299,0.0104,0.015,0.95,0.02,0.945,0.01,A-D,,,,,Spring,Non_Crop_Season,Season_4
W00386,2022-04-15,6.591,0.093,0.0243,5.8641,0.01,,,Aurand Run connection to P1,,sample,,,41.02354833,-83.69614667,0.0615,2.7124,0.0541,2.1386,0.0283,0.093,6.591,0.0243,5.8641,0.01,A-P1,,,,,Spring,Non_Crop_Season,Season_2
W03661,2023-06-15,4.54,0.015,0.02,4.4641,0.01,,,Aurand Run connection to P1,,sample,,No connection,41.02348167,-83.69610167,0.0615,2.7124,0.0541,2.1386,0.0283,0.015,4.54,0.02,4.4641,0.01,A-P1,,,,,Summer,Crop_Season,Season_5
W02811,2022-11-29,0.35,0.015,0.2631,0.2758,0.01,,,Aurand Run connection to P1,,sample,,,41.02342833,-83.69605167,0.0615,2.7124,0.0541,2.1386,0.0283,0.015,0.35,0.2631,0.2758,0.01,A-P1,,,,,Autumn,Non_Crop_Season,Season_4
W02635,2022-08-18,0.693127,0.015,0.0306,0.4943,0.01,,,Aurand Run connection to P1,,sample,,,41.023425,-83.69605833,0.0615,2.7124,0.0541,2.1386,0.0283,0.015,0.6931,0.0306,0.4943,0.01,A-P1,,,,,Summer,Crop_Season,Season_3
W02951,2023-02-23,11.79,0.45,0.098,9.3702,0.16,,,Aurand Run connection to P1,,sample,,,41.02335167,-83.69569833,0.0615,2.7124,0.0541,2.1386,0.0283,0.45,11.79,0.098,9.3702,0.16,A-P1,,,,,Winter,Non_Crop_Season,Season_4
W00355,2022-04-01,1.973,0.015,0.02,1.7361,0.01,,,Aurand Run connection to P1,,sample,,,41.02350167,-83.69614,0.0615,2.7124,0.0541,2.1386,0.0283,0.015,1.973,0.02,1.7361,0.01,A-P1,,,,,Spring,Non_Crop_Season,Season_2
W00145,2021-08-27,1.509,0.018,0.0144,0.1609,0.0573,,,Aurand Run connection to P1,,sample,,,41.02349886,-83.69613139,0.0615,2.7124,0.0541,2.1386,0.0283,0.018,1.509,0.0144,0.1609,0.0573,A-P1,,,,,Summer,Crop_Season,Season_1
W02519,2022-07-14,1.061,0.015,0.0286,0.3119,0.01,,,Aurand Run connection to P1,,sample,,,41.02343667,-83.696055,0.0615,2.7124,0.0541,2.1386,0.0283,0.015,1.061,0.0286,0.3119,0.01,A-P1,,,,,Summer,Crop_Season,Season_3
W02687,2022-09-20,0.21334,0.015,0.0562,0.1076,0.0144,,,Aurand Run connection to P1,,sample,,,41.02344167,-83.696015,0.0615,2.7124,0.0541,2.1386,0.0283,0.015,0.2133,0.0562,0.1076,0.0144,A-P1,,,,,Autumn,Crop_Season,Season_3
W00067,2021-07-30,0.757,0.011,0.02,0.378045,0.01,,,Aurand Run connection to P1,,sample ,Aurand run appeared to be flowing slowly and calmly. Was not backing up into pool 1. Flow here was .13 m/s. ,,41.023611,-83.695834,0.0615,2.7124,0.0541,2.1386,0.0283,0.011,0.757,0.02,0.378,0.01,A-P1,,,,,Summer,Crop_Season,Season_1
W02749,2022-11-01,0.358499,0.015,0.02,0.3615,0.01,,,Aurand Run connection to P1,,sample,,,41.02345667,-83.69620333,0.0615,2.7124,0.0541,2.1386,0.0283,0.015,0.3585,0.02,0.3615,0.01,A-P1,,,,,Autumn,Non_Crop_Season,Season_4
W02757,2022-11-01,0.492202,0.015,0.1437,0.3037,0.01,,,Aurand Run upstream,,sample,,,41.01936667,-83.68815,0.0257,3.0791,0.0767,2.2805,0.0114,0.015,0.4922,0.1437,0.3037,0.01,A-Up,,,,,Autumn,Non_Crop_Season,Season_4
W03669,2023-06-15,15.57,0.02,0.0235,13.9452,0.01,,,Aurand Run upstream,,sample,,,,,0.0257,3.0791,0.0767,2.2805,0.0114,0.02,15.57,0.0235,13.9452,0.01,A-Up,,,,,Summer,Crop_Season,Season_5
W02812,2022-11-29,0.43,0.015,0.2311,0.2674,0.01,,,Aurand Run upstream,,sample,,,41.01941333,-83.688225,0.0257,3.0791,0.0767,2.2805,0.0114,0.015,0.43,0.2311,0.2674,0.01,A-Up,,,,,Autumn,Non_Crop_Season,Season_4
W02644,2022-08-18,0.677876,0.015,0.1359,0.3647,0.01,,,Aurand Run upstream,,sample,,,41.01938667,-83.68819333,0.0257,3.0791,0.0767,2.2805,0.0114,0.015,0.6779,0.1359,0.3647,0.01,A-Up,,,,,Summer,Crop_Season,Season_3
W02693,2022-09-20,0.272056,0.015,0.0706,0.05,0.01,,,Aurand Run upstream,,sample,,,41.01942833,-83.68821833,0.0257,3.0791,0.0767,2.2805,0.0114,0.015,0.2721,0.0706,0.05,0.01,A-Up,,,,,Autumn,Crop_Season,Season_3
W00396,2022-04-15,7.74,0.104,0.0175,6.8319,0.0236,,,Aurand Run upstream,,sample,,,41.01942333,-83.688145,0.0257,3.0791,0.0767,2.2805,0.0114,0.104,7.74,0.0175,6.8319,0.0236,A-Up,,,,,Spring,Non_Crop_Season,Season_2
W03574,2023-04-18,0.73,0.02,0.02,0.6109,0.01,,,Aurand Run upstream,,sample,,,41.02335333,-83.695715,0.0257,3.0791,0.0767,2.2805,0.0114,0.02,0.73,0.02,0.6109,0.01,A-Up,,,,,Spring,Non_Crop_Season,Season_4
W03751,2023-07-26,,,0.02,0.05,0.01,,,Aurand Run upstream,,sample,,,41.01937833,-83.688265,0.0257,3.0791,0.0767,2.2805,0.0114,,,0.02,0.05,0.01,A-Up,,,,,Summer,Crop_Season,Season_5
W02521,2022-07-14,0.983,0.012,0.0633,0.2834,0.01,,,Aurand Run upstream,,sample,,,41.01938667,-83.68828333,0.0257,3.0791,0.0767,2.2805,0.0114,0.012,0.983,0.0633,0.2834,0.01,A-Up,,,,,Summer,Crop_Season,Season_3
W00144,2021-08-27,0.817,0.015,0.0413,0.0979,0.01,,,Aurand Run upstream,,sample,Flow in deeper pool 0.013 m/s in narrow section ~3 ft wide: ~0.1 m/s,,41.0194289,-83.68823689,0.0257,3.0791,0.0767,2.2805,0.0114,0.015,0.817,0.0413,0.0979,0.01,A-Up,,,,,Summer,Crop_Season,Season_1
W03660,2023-06-15,1.0,0.03,0.02,0.2286,0.01,,,Wetland Pool 1,353316.0,sample,,,41.02407833,-83.69663667,0.1305,1.5229,0.0792,0.3118,0.0142,0.02,0.3833,0.02,0.2277,0.01,P-01,6.0,14:1 to 35:1,770.0,353316.0,Summer,Crop_Season,Season_5
W00065,2021-07-30,2.485,0.113,0.02,0.172362,0.01,,,Wetland Pool 1,353316.0,sample ,"Tons of vegetation around pool, as high as my head. Depth increases rapidly once entering the pool. The line where the pool begins is not clear, the water extends into the vegetation. ",,41.024167,-83.696667,0.1305,1.5229,0.0792,0.3118,0.0142,0.109,2.412,0.02,0.1713,0.01,P-01,6.0,14:1 to 35:1,770.0,353316.0,Summer,Crop_Season,Season_1
W03658,2023-06-15,0.075,0.015,0.02,0.1805,0.01,,,Wetland Pool 1,353316.0,blank,,,41.025085,-83.69826333,0.1305,1.5229,0.0792,0.3118,0.0142,0.02,0.3833,0.02,0.2277,0.01,P-01,6.0,14:1 to 35:1,770.0,353316.0,Summer,Crop_Season,Season_5
W03657,2023-06-15,0.075,0.015,0.02,0.2741,0.01,,,Wetland Pool 1,353316.0,blank,,,41.02507167,-83.69828333,0.1305,1.5229,0.0792,0.3118,0.0142,0.02,0.3833,0.02,0.2277,0.01,P-01,6.0,14:1 to 35:1,770.0,353316.0,Summer,Crop_Season,Season_5
W02631,2022-08-18,0.188071,0.015,0.02,0.05,0.01,,,Wetland Pool 1,353316.0,blank,,,41.025065,-83.69826833,0.1305,1.5229,0.0792,0.3118,0.0142,0.048,0.6225,0.02,0.05,0.01,P-01,6.0,14:1 to 35:1,770.0,353316.0,Summer,Crop_Season,Season_3
W02950,2023-02-23,0.075,0.015,0.02,0.078,0.01,,,Wetland Pool 1,353316.0,blank,,,41.02505333,-83.69822333,0.1305,1.5229,0.0792,0.3118,0.0142,0.1433,0.5467,0.02,0.2329,0.0337,P-01,6.0,14:1 to 35:1,770.0,353316.0,Winter,Non_Crop_Season,Season_4
W02949,2023-02-23,0.075,0.015,0.02,0.1849,0.01,,,Wetland Pool 1,353316.0,blank,,,0.0,0.0,0.1305,1.5229,0.0792,0.3118,0.0142,0.1433,0.5467,0.02,0.2329,0.0337,P-01,6.0,14:1 to 35:1,770.0,353316.0,Winter,Non_Crop_Season,Season_4
W03640,2023-06-07,0.92,0.03,0.02,0.05,0.01,,,Wetland Pool 1,353316.0,replicate,,Water depth at staff gauge,41.02403333,-83.696555,0.1305,1.5229,0.0792,0.3118,0.0142,0.05,0.935,0.02,0.05,0.01,P-01,6.0,14:1 to 35:1,770.0,353316.0,Summer,Crop_Season,Season_5
W00236,2021-10-22,0.075,0.155,0.02,0.0621,0.01,,,Wetland Pool 1,353316.0,sample,,,41.02416325,-83.69578321,0.1305,1.5229,0.0792,0.3118,0.0142,0.186,0.427,0.0179,0.0569,0.01,P-01,6.0,14:1 to 35:1,770.0,353316.0,Autumn,Non_Crop_Season,Season_1
W00237,2021-10-22,1.483,0.197,0.0116,0.0558,0.01,,,Wetland Pool 1,353316.0,sample,,,41.024451,-83.69628101,0.1305,1.5229,0.0792,0.3118,0.0142,0.186,0.427,0.0179,0.0569,0.01,P-01,6.0,14:1 to 35:1,770.0,353316.0,Autumn,Non_Crop_Season,Season_1
W00238,2021-10-22,0.075,0.185,0.02,0.0564,0.01,,,Wetland Pool 1,353316.0,sample,,,41.02432004,-83.69678543,0.1305,1.5229,0.0792,0.3118,0.0142,0.186,0.427,0.0179,0.0569,0.01,P-01,6.0,14:1 to 35:1,770.0,353316.0,Autumn,Non_Crop_Season,Season_1
W02801,2022-11-29,0.075,0.015,0.1126,0.05,0.01,,,Wetland Pool 1,353316.0,blank,,,41.02505833,-83.69827333,0.1305,1.5229,0.0792,0.3118,0.0142,0.0267,4.03,0.8088,2.7215,0.01,P-01,6.0,14:1 to 35:1,770.0,353316.0,Autumn,Non_Crop_Season,Season_4
W03639,2023-06-07,0.95,0.07,0.02,0.05,0.01,,,Wetland Pool 1,353316.0,sample,,Water depth at staff gauge,41.02403333,-83.69656667,0.1305,1.5229,0.0792,0.3118,0.0142,0.05,0.935,0.02,0.05,0.01,P-01,6.0,14:1 to 35:1,770.0,353316.0,Summer,Crop_Season,Season_5
W00385,2022-04-15,0.96,0.167,0.02,0.0721,0.01,,,Wetland Pool 1,353316.0,sample,,,41.02387167,-83.69616667,0.1305,1.5229,0.0792,0.3118,0.0142,0.167,0.96,0.02,0.0721,0.01,P-01,6.0,14:1 to 35:1,770.0,353316.0,Spring,Non_Crop_Season,Season_2
W00291,2021-12-01,0.963,0.074,0.02,0.0304,0.0113,,,Wetland Pool 1,353316.0,sample,Pool 1 at sonde location,,41.02412527,-83.69574866,0.1305,1.5229,0.0792,0.3118,0.0142,0.0547,0.666,0.02,0.0314,0.0104,P-01,6.0,14:1 to 35:1,770.0,353316.0,Winter,Non_Crop_Season,Season_2
W00292,2021-12-01,1.021,0.075,0.02,0.0361,0.01,,,Wetland Pool 1,353316.0,replicate,Pool 1 at sonde location,,41.0241217,-83.69576117,0.1305,1.5229,0.0792,0.3118,0.0142,0.0547,0.666,0.02,0.0314,0.0104,P-01,6.0,14:1 to 35:1,770.0,353316.0,Winter,Non_Crop_Season,Season_2
W00293,2021-12-01,0.014,0.015,0.02,0.0277,0.01,,,Wetland Pool 1,353316.0,blank,Field blank,,41.02412354,-83.6957604,0.1305,1.5229,0.0792,0.3118,0.0142,0.0547,0.666,0.02,0.0314,0.0104,P-01,6.0,14:1 to 35:1,770.0,353316.0,Winter,Non_Crop_Season,Season_2
W00354,2022-04-01,1.878,0.41,0.02,0.1785,0.01,,,Wetland Pool 1,353316.0,sample,,,41.02395167,-83.69677667,0.1305,1.5229,0.0792,0.3118,0.0142,0.41,1.878,0.02,0.1785,0.01,P-01,6.0,14:1 to 35:1,770.0,353316.0,Spring,Non_Crop_Season,Season_2
W00046,2021-05-27,1.154,0.066,0.208,0.563,0.026,1.078,0.061,Wetland Pool 1,353316.0,sample,"Pool was full but there was no flowing water, Aurand run was not flooded past the rock barrier so there was not flow from Aurand run at the time",,41.0239,-83.6963,0.1305,1.5229,0.0792,0.3118,0.0142,0.0605,1.169,0.24,0.564,0.0215,P-01,6.0,14:1 to 35:1,770.0,353316.0,Spring,Crop_Season,Season_1
W02803,2022-11-29,11.94,0.05,2.2689,8.0644,0.01,,,Wetland Pool 1,353316.0,sample,,,41.024125,-83.69645,0.1305,1.5229,0.0792,0.3118,0.0142,0.0267,4.03,0.8088,2.7215,0.01,P-01,6.0,14:1 to 35:1,770.0,353316.0,Autumn,Non_Crop_Season,Season_4
W00045,2021-05-27,1.184,0.055,0.272,0.565,0.017,1.117,0.031,Wetland Pool 1,353316.0,sample,"Pool was mostly filled with water, but had been more full in the past. Water level did not extend past the dry island to the west of the pool. This can be considered a floodplain wetland",,41.0243,-83.6968,0.1305,1.5229,0.0792,0.3118,0.0142,0.0605,1.169,0.24,0.564,0.0215,P-01,6.0,14:1 to 35:1,770.0,353316.0,Spring,Crop_Season,Season_1
W00239,2021-10-22,0.075,0.207,0.02,0.0534,0.01,,,Wetland Pool 1,353316.0,sample,,,41.02412373,-83.6962831,0.1305,1.5229,0.0792,0.3118,0.0142,0.186,0.427,0.0179,0.0569,0.01,P-01,6.0,14:1 to 35:1,770.0,353316.0,Autumn,Non_Crop_Season,Season_1
W02632,2022-08-18,0.394685,0.015,0.02,0.05,0.01,,,Wetland Pool 1,353316.0,blank,,,0.0,0.0,0.1305,1.5229,0.0792,0.3118,0.0142,0.048,0.6225,0.02,0.05,0.01,P-01,6.0,14:1 to 35:1,770.0,353316.0,Summer,Crop_Season,Season_3
W02686,2022-09-20,1.431975,0.16,0.02,0.05,0.01,,,Wetland Pool 1,353316.0,sample,,,41.024175,-83.69629833,0.1305,1.5229,0.0792,0.3118,0.0142,0.0988,0.8088,0.02,0.05,0.01,P-01,6.0,14:1 to 35:1,770.0,353316.0,Autumn,Crop_Season,Season_3
W00147,2021-08-27,3.237,0.182,0.02,0.05,0.01,,,Wetland Pool 1,353316.0,sample,This is deepest pool,,41.02413249,-83.69677361,0.1305,1.5229,0.0792,0.3118,0.0142,0.3155,4.156,0.02,0.064,0.0057,P-01,6.0,14:1 to 35:1,770.0,353316.0,Summer,Crop_Season,Season_1
W00148,2021-08-27,5.075,0.449,0.02,0.078,0.0013,,,Wetland Pool 1,353316.0,sample,This was originally identified as P2 but GIS coordinates show it is instead a small pool that is part of the larger area of P1. Nearly full of vegetation,,41.02448432,-83.69568438,0.1305,1.5229,0.0792,0.3118,0.0142,0.3155,4.156,0.02,0.064,0.0057,P-01,6.0,14:1 to 35:1,770.0,353316.0,Summer,Crop_Season,Season_1
W03573,2023-04-18,1.04,0.2,0.02,0.132,0.01,,,Wetland Pool 1,353316.0,sample,,,41.023705,-83.69610333,0.1305,1.5229,0.0792,0.3118,0.0142,0.1217,0.3967,0.0309,0.1849,0.01,P-01,6.0,14:1 to 35:1,770.0,353316.0,Spring,Non_Crop_Season,Season_4
W02506,2022-07-14,3.332,0.279,0.02,0.05,0.01,,,Wetland Pool 1,353316.0,sample,,,41.02417,-83.69626167,0.1305,1.5229,0.0792,0.3118,0.0142,0.103,1.1607,0.02,0.0656,0.01,P-01,6.0,14:1 to 35:1,770.0,353316.0,Summer,Crop_Season,Season_3
W02505,2022-07-14,0.075,0.015,0.02,0.0777,0.01,,,Wetland Pool 1,353316.0,blank,,,41.02505333,-83.69824167,0.1305,1.5229,0.0792,0.3118,0.0142,0.103,1.1607,0.02,0.0656,0.01,P-01,6.0,14:1 to 35:1,770.0,353316.0,Summer,Crop_Season,Season_3
W02504,2022-07-14,0.075,0.015,0.02,0.069,0.01,,,Wetland Pool 1,353316.0,blank,,,41.02485667,-83.69820667,0.1305,1.5229,0.0792,0.3118,0.0142,0.103,1.1607,0.02,0.0656,0.01,P-01,6.0,14:1 to 35:1,770.0,353316.0,Summer,Crop_Season,Season_3
W02685,2022-09-20,1.653387,0.211,0.02,0.05,0.01,,,Wetland Pool 1,353316.0,sample,,,41.02396167,-83.69596,0.1305,1.5229,0.0792,0.3118,0.0142,0.0988,0.8088,0.02,0.05,0.01,P-01,6.0,14:1 to 35:1,770.0,353316.0,Autumn,Crop_Season,Season_3
W00478,2022-06-15,0.075,0.015,0.02,0.017,0.01,,,Wetland Pool 1,353316.0,blank,,,41.02502667,-83.69826333,0.1305,1.5229,0.0792,0.3118,0.0142,0.1457,2.4933,0.02,0.3278,0.0295,P-01,6.0,14:1 to 35:1,770.0,353316.0,Summer,Crop_Season,Season_3
W02683,2022-09-20,0.075,0.015,0.02,0.05,0.01,,,Wetland Pool 1,353316.0,blank,,,41.02507167,-83.698235,0.1305,1.5229,0.0792,0.3118,0.0142,0.0988,0.8088,0.02,0.05,0.01,P-01,6.0,14:1 to 35:1,770.0,353316.0,Autumn,Crop_Season,Season_3
W02748,2022-11-01,6.548918,0.791,0.0898,0.1946,0.0134,,,Wetland Pool 1,353316.0,sample,,,41.02410167,-83.69638,0.1305,1.5229,0.0792,0.3118,0.0142,0.791,6.5489,0.0898,0.1946,0.0134,P-01,6.0,14:1 to 35:1,770.0,353316.0,Autumn,Non_Crop_Season,Season_4
W00477,2022-06-15,0.075,0.015,0.02,0.05,0.01,,,Wetland Pool 1,353316.0,blank,,,41.02502667,-83.69826333,0.1305,1.5229,0.0792,0.3118,0.0142,0.1457,2.4933,0.02,0.3278,0.0295,P-01,6.0,14:1 to 35:1,770.0,353316.0,Summer,Crop_Season,Season_3
W02682,2022-09-20,0.075,0.009,0.02,0.05,0.01,,,Wetland Pool 1,353316.0,blank,,,41.02505667,-83.69820167,0.1305,1.5229,0.0792,0.3118,0.0142,0.0988,0.8088,0.02,0.05,0.01,P-01,6.0,14:1 to 35:1,770.0,353316.0,Autumn,Crop_Season,Season_3
W00475,2022-06-15,1.63,0.193,0.02,0.4366,0.0479,,,Wetland Pool 1,353316.0,sample,,,41.02391167,-83.69629,0.1305,1.5229,0.0792,0.3118,0.0142,0.1457,2.4933,0.02,0.3278,0.0295,P-01,6.0,14:1 to 35:1,770.0,353316.0,Summer,Crop_Season,Season_3
W03747,2023-07-26,,,0.02,0.05,0.01,,,Wetland Pool 1,353316.0,sample,,,41.02405167,-83.69654833,0.1305,1.5229,0.0792,0.3118,0.0142,,,0.02,0.0663,0.01,P-01,6.0,14:1 to 35:1,770.0,353316.0,Summer,Crop_Season,Season_5
W00474,2022-06-15,1.58,0.155,0.02,0.5507,0.0285,,,Wetland Pool 1,353316.0,replicate,,Near sonde,41.02417333,-83.69621833,0.1305,1.5229,0.0792,0.3118,0.0142,0.1457,2.4933,0.02,0.3278,0.0295,P-01,6.0,14:1 to 35:1,770.0,353316.0,Summer,Crop_Season,Season_3
W00473,2022-06-15,1.9,0.215,0.02,0.7441,0.0341,,,Wetland Pool 1,353316.0,sample,,Near sonde,41.02420833,-83.69623667,0.1305,1.5229,0.0792,0.3118,0.0142,0.1457,2.4933,0.02,0.3278,0.0295,P-01,6.0,14:1 to 35:1,770.0,353316.0,Summer,Crop_Season,Season_3
W03571,2023-04-18,0.075,0.015,0.0514,0.1318,0.01,,,Wetland Pool 1,353316.0,blank,,,41.02502667,-83.69825667,0.1305,1.5229,0.0792,0.3118,0.0142,0.1217,0.3967,0.0309,0.1849,0.01,P-01,6.0,14:1 to 35:1,770.0,353316.0,Spring,Non_Crop_Season,Season_4
W03745,2023-07-26,,,0.02,0.0696,0.01,,,Wetland Pool 1,353316.0,blank,,,41.02509833,-83.6982,0.1305,1.5229,0.0792,0.3118,0.0142,,,0.02,0.0663,0.01,P-01,6.0,14:1 to 35:1,770.0,353316.0,Summer,Crop_Season,Season_5
W03744,2023-07-26,,,0.02,0.0792,0.01,,,Wetland Pool 1,353316.0,blank,,,41.02510833,-83.69819167,0.1305,1.5229,0.0792,0.3118,0.0142,,,0.02,0.0663,0.01,P-01,6.0,14:1 to 35:1,770.0,353316.0,Summer,Crop_Season,Season_5
W03570,2023-04-18,0.075,0.15,0.0213,0.291,0.01,,,Wetland Pool 1,353316.0,blank,,,41.02503333,-83.69824,0.1305,1.5229,0.0792,0.3118,0.0142,0.1217,0.3967,0.0309,0.1849,0.01,P-01,6.0,14:1 to 35:1,770.0,353316.0,Spring,Non_Crop_Season,Season_4
W02952,2023-02-23,1.49,0.4,0.02,0.4357,0.081,,,Wetland Pool 1,353316.0,sample,,,41.02420667,-83.69542333,0.1305,1.5229,0.0792,0.3118,0.0142,0.1433,0.5467,0.02,0.2329,0.0337,P-01,6.0,14:1 to 35:1,770.0,353316.0,Winter,Non_Crop_Season,Season_4
W02800,2022-11-29,0.075,0.015,0.045,0.05,0.01,,,Wetland Pool 1,353316.0,blank,,,41.02506333,-83.69828,0.1305,1.5229,0.0792,0.3118,0.0142,0.0267,4.03,0.8088,2.7215,0.01,P-01,6.0,14:1 to 35:1,770.0,353316.0,Autumn,Non_Crop_Season,Season_4
W00069,2021-07-30,2.339,0.105,0.02,0.170217,0.01,,,Wetland Pool 1,353316.0,sample,"Vegetation was grown into the pool so it is a very undefined edge. The samples were taken directly inside the end of the vegetation. No soil sample taken at this site, whole area was flooded ",,41.024167,-83.695833,0.1305,1.5229,0.0792,0.3118,0.0142,0.109,2.412,0.02,0.1713,0.01,P-01,6.0,14:1 to 35:1,770.0,353316.0,Summer,Crop_Season,Season_1
W00476,2022-06-15,9.7,0.281,0.02,0.1682,0.0467,,,Wetland Pool 1,353316.0,replicate,,,41.02395333,-83.696325,0.1305,1.5229,0.0792,0.3118,0.0142,0.1457,2.4933,0.02,0.3278,0.0295,P-01,6.0,14:1 to 35:1,770.0,353316.0,Summer,Crop_Season,Season_3
W02634,2022-08-18,1.284713,0.114,0.02,0.05,0.01,,,Wetland Pool 1,353316.0,sample,,,41.02423167,-83.696305,0.1305,1.5229,0.0792,0.3118,0.0142,0.048,0.6225,0.02,0.05,0.01,P-01,6.0,14:1 to 35:1,770.0,353316.0,Summer,Crop_Season,Season_3
W02507,2022-07-14,6.268,0.542,0.02,0.0594,0.016,,,Wetland Pool 2,7383.0,sample,,,41.02404667,-83.694335,0.2728,2.7487,0.024,0.1044,0.0184,0.542,6.268,0.02,0.0594,0.016,P-02,0.5,10:1,774.8,7383.0,Summer,Crop_Season,Season_3
W00049,2021-05-27,1.107,0.098,0.031,0.05,0.01,1.092,0.055,Wetland Pool 2,7383.0,sample,This pool was full of water,,41.0239,-83.6946,0.2728,2.7487,0.024,0.1044,0.0184,0.0985,1.115,0.032,0.05,0.01,P-02,0.5,10:1,774.8,7383.0,Spring,Crop_Season,Season_1
W00357,2022-04-01,0.69,0.056,0.02,0.1226,0.01,,,Wetland Pool 2,7383.0,sample,,,41.02396333,-83.69496833,0.2728,2.7487,0.024,0.1044,0.0184,0.056,0.69,0.02,0.1226,0.01,P-02,0.5,10:1,774.8,7383.0,Spring,Non_Crop_Season,Season_2
W00071,2021-07-30,1.972,0.152,0.02,0.188591,0.054216,,,Wetland Pool 2,7383.0,sample ,,,41.024167,-83.695,0.2728,2.7487,0.024,0.1044,0.0184,0.152,1.972,0.02,0.1886,0.0542,P-02,0.5,10:1,774.8,7383.0,Summer,Crop_Season,Season_1
W00151,2021-08-27,5.332,0.69,0.02,0.1556,0.01,,,Wetland Pool 2,7383.0,sample,"Not sure this is P6-It's not, it's P2. This assignment was changed based on GIS coordinates.",,41.02421124,-83.69477386,0.2728,2.7487,0.024,0.1044,0.0184,0.69,5.332,0.02,0.1556,0.01,P-02,0.5,10:1,774.8,7383.0,Summer,Crop_Season,Season_1
W00050,2021-05-27,1.123,0.099,0.033,0.05,0.01,1.049,0.056,Wetland Pool 2,7383.0,sample,"This pool was full of water --> sample was weighed down too much in refridgerator and spilled, so it is all gone (discovered 06-17-2021)",,41.0242,-83.6951,0.2728,2.7487,0.024,0.1044,0.0184,0.0985,1.115,0.032,0.05,0.01,P-02,0.5,10:1,774.8,7383.0,Spring,Crop_Season,Season_1
W00048,2021-05-27,0.79,0.057,0.03,0.05,0.017,0.943,0.05,Wetland Pool 3,5050.0,sample,"This pool was full and detritus could be found on the surface, there was more vegitation than other pools found within the pool",,41.0232,-83.6947,0.0543,0.7703,0.0363,0.075,0.0123,0.0585,0.8735,0.0445,0.05,0.0135,P-03,0.5,10:1,775.0,5050.0,Spring,Crop_Season,Season_1
W00047,2021-05-27,0.957,0.06,0.059,0.05,0.01,0.896,0.043,Wetland Pool 3,5050.0,sample,"This pool was full and detritus could be found on the surface, there was more vegitation than other pools found within the pool",,41.0234,-83.6951,0.0543,0.7703,0.0363,0.075,0.0123,0.0585,0.8735,0.0445,0.05,0.0135,P-03,0.5,10:1,775.0,5050.0,Spring,Crop_Season,Season_1
W00356,2022-04-01,0.564,0.046,0.02,0.125,0.01,,,Wetland Pool 3,5050.0,sample,,Shallow with lots of vegetation,41.02336667,-83.69515333,0.0543,0.7703,0.0363,0.075,0.0123,0.046,0.564,0.02,0.125,0.01,P-03,0.5,10:1,775.0,5050.0,Spring,Non_Crop_Season,Season_2
W00149,2021-08-27,2.536,0.142,0.1956,0.05,0.0323,,,Wetland Pool 4,49146.0,sample,Very large pool,,41.02356336,-83.69422241,0.1516,1.8775,0.0457,0.0942,0.0153,0.142,2.536,0.1956,0.05,0.0323,P-04,2.0,16:1 to 52:1,773.7,49146.0,Summer,Crop_Season,Season_1
W02509,2022-07-14,4.471,0.445,0.02,0.0922,0.01,,,Wetland Pool 4,49146.0,sample,,,41.0237,-83.69371167,0.1516,1.8775,0.0457,0.0942,0.0153,0.445,4.471,0.02,0.0922,0.01,P-04,2.0,16:1 to 52:1,773.7,49146.0,Summer,Crop_Season,Season_3
W03575,2023-04-18,1.08,0.19,0.02,0.1222,0.01,,,Wetland Pool 4,49146.0,sample,,,41.02378833,-83.69421167,0.1516,1.8775,0.0457,0.0942,0.0153,0.19,1.08,0.02,0.1222,0.01,P-04,2.0,16:1 to 52:1,773.7,49146.0,Spring,Non_Crop_Season,Season_4
W02636,2022-08-18,1.378629,0.054,0.02,0.05,0.01,,,Wetland Pool 4,49146.0,sample,,,41.02360333,-83.69424167,0.1516,1.8775,0.0457,0.0942,0.0153,0.054,1.3786,0.02,0.05,0.01,P-04,2.0,16:1 to 52:1,773.7,49146.0,Summer,Crop_Season,Season_3
W03668,2023-06-15,1.22,0.15,0.02,0.1732,0.0174,,,Wetland Pool 4,49146.0,sample,,Veg and depth like 9,41.02349,-83.69364833,0.1516,1.8775,0.0457,0.0942,0.0153,0.15,1.22,0.02,0.1732,0.0174,P-04,2.0,16:1 to 52:1,773.7,49146.0,Summer,Crop_Season,Season_5
W02692,2022-09-20,1.831751,0.131,0.02,0.05,0.01,,,Wetland Pool 4,49146.0,sample,,,41.02347833,-83.69370167,0.1516,1.8775,0.0457,0.0942,0.0153,0.131,1.8318,0.02,0.05,0.01,P-04,2.0,16:1 to 52:1,773.7,49146.0,Autumn,Crop_Season,Season_3
W02755,2022-11-01,2.161226,0.129,0.02,0.1606,0.01,,,Wetland Pool 4,49146.0,sample,,,41.023505,-83.69368667,0.1516,1.8775,0.0457,0.0942,0.0153,0.119,2.1096,0.02,0.1628,0.01,P-04,2.0,16:1 to 52:1,773.7,49146.0,Autumn,Non_Crop_Season,Season_4
W02810,2022-11-29,1.86,0.15,0.0283,0.05,0.01,,,Wetland Pool 4,49146.0,sample,,,41.02334167,-83.69406833,0.1516,1.8775,0.0457,0.0942,0.0153,0.125,1.75,0.083,0.05,0.01,P-04,2.0,16:1 to 52:1,773.7,49146.0,Autumn,Non_Crop_Season,Season_4
W02756,2022-11-01,2.057969,0.109,0.02,0.165,0.01,,,Wetland Pool 4,49146.0,sample,,,41.02334167,-83.69400833,0.1516,1.8775,0.0457,0.0942,0.0153,0.119,2.1096,0.02,0.1628,0.01,P-04,2.0,16:1 to 52:1,773.7,49146.0,Autumn,Non_Crop_Season,Season_4
W03750,2023-07-26,,,0.0267,0.05,0.0435,,,Wetland Pool 4,49146.0,sample,,,41.02344167,-83.69373,0.1516,1.8775,0.0457,0.0942,0.0153,,,0.0267,0.05,0.0435,P-04,2.0,16:1 to 52:1,773.7,49146.0,Summer,Crop_Season,Season_5
W02809,2022-11-29,1.64,0.1,0.1376,0.05,0.01,,,Wetland Pool 4,49146.0,sample,,,41.02355333,-83.69356833,0.1516,1.8775,0.0457,0.0942,0.0153,0.125,1.75,0.083,0.05,0.01,P-04,2.0,16:1 to 52:1,773.7,49146.0,Autumn,Non_Crop_Season,Season_4
W00358,2022-04-01,0.416,0.068,0.02,0.1169,0.01,,,Wetland Pool 4,49146.0,sample,,Area surrounding this pool is hummock and hollow and the hollows are holding a lot of water. There is no dry boundary between some pools.,41.02375333,-83.69376,0.1516,1.8775,0.0457,0.0942,0.0153,0.068,0.416,0.02,0.1169,0.01,P-04,2.0,16:1 to 52:1,773.7,49146.0,Spring,Non_Crop_Season,Season_2
W00150,2021-08-27,5.152,0.268,0.2551,0.05,0.0176,,,Wetland Pool 5,4000.0,sample,,,41.02322762,-83.69357667,0.3197,3.705,0.0984,0.0566,0.0125,0.268,5.152,0.2551,0.05,0.0176,P-05,1.0,10:1,775.0,4000.0,Summer,Crop_Season,Season_1
W02510,2022-07-14,5.204,0.626,0.02,0.0664,0.01,,,Wetland Pool 5,4000.0,sample,,,41.02319667,-83.69341333,0.3197,3.705,0.0984,0.0566,0.0125,0.626,5.204,0.02,0.0664,0.01,P-05,1.0,10:1,775.0,4000.0,Summer,Crop_Season,Season_3
W00387,2022-04-15,0.759,0.065,0.02,0.0534,0.01,,,Wetland Pool 5,4000.0,sample,,,41.02326333,-83.69358167,0.3197,3.705,0.0984,0.0566,0.0125,0.065,0.759,0.02,0.0534,0.01,P-05,1.0,10:1,775.0,4000.0,Spring,Non_Crop_Season,Season_2
W03576,2023-04-18,1.03,0.1,0.02,0.1234,0.01,,,Wetland Pool 6,8055.0,sample,,,41.02398833,-83.693395,0.3162,2.6556,0.028,0.1272,0.0165,0.1,1.03,0.02,0.1234,0.01,P-06,1.0,10:1,774.7,8055.0,Spring,Non_Crop_Season,Season_4
W03662,2023-06-15,5.86,0.91,0.0598,0.2437,0.0414,,,Wetland Pool 6,8055.0,sample,,,41.02408,-83.69325667,0.3162,2.6556,0.028,0.1272,0.0165,0.91,5.86,0.0598,0.2437,0.0414,P-06,1.0,10:1,774.7,8055.0,Summer,Crop_Season,Season_5
W02637,2022-08-18,2.408968,0.317,0.02,0.05,0.01,,,Wetland Pool 6,8055.0,sample,,,41.02402,-83.69336,0.3162,2.6556,0.028,0.1272,0.0165,0.317,2.409,0.02,0.05,0.01,P-06,1.0,10:1,774.7,8055.0,Summer,Crop_Season,Season_3
W00359,2022-04-01,0.824,0.091,0.02,0.1688,0.01,,,Wetland Pool 6,8055.0,sample,,Difficult to find a dry area for staging sampling gear,41.02399833,-83.69329,0.3162,2.6556,0.028,0.1272,0.0165,0.091,0.824,0.02,0.1688,0.01,P-06,1.0,10:1,774.7,8055.0,Spring,Non_Crop_Season,Season_2
W02508,2022-07-14,3.155,0.163,0.02,0.05,0.0113,,,Wetland Pool 6,8055.0,sample,,,41.02399,-83.69339833,0.3162,2.6556,0.028,0.1272,0.0165,0.163,3.155,0.02,0.05,0.0113,P-06,1.0,10:1,774.7,8055.0,Summer,Crop_Season,Season_3
W00152,2021-08-27,2.134,0.154,0.02,0.0504,0.01,,,Wetland Pool 7,9620.0,sample,Shallow and full of vegetation,,41.0241892,-83.69267402,0.091,1.3905,0.02,0.086,0.01,0.154,2.134,0.02,0.0504,0.01,P-07,1.0,10:1,775.0,9620.0,Summer,Crop_Season,Season_1
W00360,2022-04-01,0.647,0.028,0.02,0.1217,0.01,,,Wetland Pool 7,9620.0,sample,,Almost no boundaries between some pools,41.02391667,-83.6928,0.091,1.3905,0.02,0.086,0.01,0.028,0.647,0.02,0.1217,0.01,P-07,1.0,10:1,775.0,9620.0,Spring,Non_Crop_Season,Season_2
W00153,2021-08-27,2.463,0.15,0.02,0.05,0.0772,,,Wetland Pool 8,6000.0,sample,Green moss on surface. Different from other pools,,41.02369391,-83.69275566,0.3268,2.8574,0.2194,0.0917,0.0507,0.15,2.463,0.02,0.05,0.0772,P-08,1.5,10:1,774.5,6000.0,Summer,Crop_Season,Season_1
W02638,2022-08-18,3.654108,0.333,0.02,0.05,0.0195,,,Wetland Pool 8,6000.0,sample,,,41.02371667,-83.69279667,0.3268,2.8574,0.2194,0.0917,0.0507,0.333,3.6541,0.02,0.05,0.0195,P-08,1.5,10:1,774.5,6000.0,Summer,Crop_Season,Season_3
W03577,2023-04-18,0.75,0.06,0.02,0.1255,0.01,,,Wetland Pool 8,6000.0,sample,,,41.02349667,-83.69280667,0.3268,2.8574,0.2194,0.0917,0.0507,0.06,0.75,0.02,0.1255,0.01,P-08,1.5,10:1,774.5,6000.0,Spring,Non_Crop_Season,Season_4
W02512,2022-07-14,3.313,0.187,0.02,0.0502,0.01,,,Wetland Pool 8,6000.0,sample,,,41.02369167,-83.69264667,0.3268,2.8574,0.2194,0.0917,0.0507,0.187,3.313,0.02,0.0502,0.01,P-08,1.5,10:1,774.5,6000.0,Summer,Crop_Season,Season_3
W03663,2023-06-15,6.46,1.16,1.2161,0.1758,0.1776,,,Wetland Pool 8,6000.0,sample,,,41.02376833,-83.69255,0.3268,2.8574,0.2194,0.0917,0.0507,1.16,6.46,1.2161,0.1758,0.1776,P-08,1.5,10:1,774.5,6000.0,Summer,Crop_Season,Season_5
W00361,2022-04-01,0.504,0.071,0.02,0.0986,0.01,,,Wetland Pool 8,6000.0,sample,,,41.02390667,-83.69276833,0.3268,2.8574,0.2194,0.0917,0.0507,0.071,0.504,0.02,0.0986,0.01,P-08,1.5,10:1,774.5,6000.0,Spring,Non_Crop_Season,Season_2
W00362,2022-04-01,0.699,0.179,0.02,0.1372,0.01,,,Wetland Pool 9,52478.0,sample,,,41.023555,-83.69244,0.23,2.243,0.0666,0.085,0.0106,0.179,0.699,0.02,0.1372,0.01,P-09,2.0,12:1 to 26:1,774.1,52478.0,Spring,Non_Crop_Season,Season_2
W03749,2023-07-26,,,0.02,0.05,0.0169,,,Wetland Pool 9,52478.0,sample,,,41.02323833,-83.69234833,0.23,2.243,0.0666,0.085,0.0106,,,0.02,0.05,0.0169,P-09,2.0,12:1 to 26:1,774.1,52478.0,Summer,Crop_Season,Season_5
W02511,2022-07-14,4.26,0.42,0.02,0.0565,0.01,,,Wetland Pool 9,52478.0,sample,,,41.02328333,-83.69272667,0.23,2.243,0.0666,0.085,0.0106,0.42,4.26,0.02,0.0565,0.01,P-09,2.0,12:1 to 26:1,774.1,52478.0,Summer,Crop_Season,Season_3
W00154,2021-08-27,3.474,0.444,0.02,0.0503,0.01,,,Wetland Pool 9,52478.0,sample,Unfiltered ,,41.02315881,-83.69262599,0.23,2.243,0.0666,0.085,0.0106,0.444,3.474,0.02,0.0503,0.01,P-09,2.0,12:1 to 26:1,774.1,52478.0,Summer,Crop_Season,Season_1
W02808,2022-11-29,2.43,0.21,0.2575,0.05,0.01,,,Wetland Pool 9,52478.0,sample,,,41.023375,-83.69246167,0.23,2.243,0.0666,0.085,0.0106,0.19,2.2,0.2761,0.05,0.01,P-09,2.0,12:1 to 26:1,774.1,52478.0,Autumn,Non_Crop_Season,Season_4
W02691,2022-09-20,2.009323,0.176,0.02,0.05,0.01,,,Wetland Pool 9,52478.0,sample,,,41.02320667,-83.69235667,0.23,2.243,0.0666,0.085,0.0106,0.176,2.0093,0.02,0.05,0.01,P-09,2.0,12:1 to 26:1,774.1,52478.0,Autumn,Crop_Season,Season_3
W03578,2023-04-18,0.93,0.19,0.02,0.109,0.01,,,Wetland Pool 9,52478.0,sample,,,41.02312667,-83.692535,0.23,2.243,0.0666,0.085,0.0106,0.19,0.93,0.02,0.109,0.01,P-09,2.0,12:1 to 26:1,774.1,52478.0,Spring,Non_Crop_Season,Season_4
W02753,2022-11-01,2.191188,0.136,0.02,0.1742,0.01,,,Wetland Pool 9,52478.0,sample,,,41.02317833,-83.69225167,0.23,2.243,0.0666,0.085,0.0106,0.2015,2.5556,0.02,0.166,0.01,P-09,2.0,12:1 to 26:1,774.1,52478.0,Autumn,Non_Crop_Season,Season_4
W02754,2022-11-01,2.920108,0.267,0.02,0.1579,0.01,,,Wetland Pool 9,52478.0,sample,,,41.02344,-83.69248,0.23,2.243,0.0666,0.085,0.0106,0.2015,2.5556,0.02,0.166,0.01,P-09,2.0,12:1 to 26:1,774.1,52478.0,Autumn,Non_Crop_Season,Season_4
W02807,2022-11-29,1.97,0.17,0.2947,0.05,0.01,,,Wetland Pool 9,52478.0,sample,,,41.02310167,-83.69229167,0.23,2.243,0.0666,0.085,0.0106,0.19,2.2,0.2761,0.05,0.01,P-09,2.0,12:1 to 26:1,774.1,52478.0,Autumn,Non_Crop_Season,Season_4
W02643,2022-08-18,1.546713,0.108,0.02,0.05,0.01,,,Wetland Pool 9,52478.0,sample,,,41.02329667,-83.69241333,0.23,2.243,0.0666,0.085,0.0106,0.108,1.5467,0.02,0.05,0.01,P-09,2.0,12:1 to 26:1,774.1,52478.0,Summer,Crop_Season,Season_3
W03579,2023-04-18,1.53,0.46,0.02,0.1194,0.1673,,,Wetland Pool 10,2000.0,sample,,,41.023065,-83.69183667,0.2525,1.098,0.02,0.082,0.0887,0.46,1.53,0.02,0.1194,0.1673,P-10,0.5,10:1,776.0,2000.0,Spring,Non_Crop_Season,Season_4
W00388,2022-04-15,0.666,0.045,0.02,0.0447,0.01,,,Wetland Pool 10,2000.0,sample,,,41.02299333,-83.69168167,0.2525,1.098,0.02,0.082,0.0887,0.045,0.666,0.02,0.0447,0.01,P-10,0.5,10:1,776.0,2000.0,Spring,Non_Crop_Season,Season_2
W00363,2022-04-01,0.74,0.088,0.02,0.1422,0.01,,,Wetland Pool 11,4000.0,sample,,,41.02361667,-83.69210667,0.1187,1.515,0.02,0.1094,0.0178,0.088,0.74,0.02,0.1422,0.01,P-11,1.0,10:1,775.4,4000.0,Spring,Non_Crop_Season,Season_2
W03580,2023-04-18,0.84,0.14,0.02,0.136,0.0334,,,Wetland Pool 11,4000.0,sample,,,41.023605,-83.69191167,0.1187,1.515,0.02,0.1094,0.0178,0.14,0.84,0.02,0.136,0.0334,P-11,1.0,10:1,775.4,4000.0,Spring,Non_Crop_Season,Season_4
W00155,2021-08-27,2.965,0.128,0.02,0.05,0.01,,,Wetland Pool 11,4000.0,sample,Unfiltered ,,41.02355343,-83.69212492,0.1187,1.515,0.02,0.1094,0.0178,0.128,2.965,0.02,0.05,0.01,P-11,1.0,10:1,775.4,4000.0,Summer,Crop_Season,Season_1
W02688,2022-09-20,12.95108,1.503,0.02,0.05,0.0161,,,Wetland Pool 12,12750.0,sample,,,41.02408,-83.691935,0.3659,3.3078,0.1484,0.0906,0.0111,1.503,12.9511,0.02,0.05,0.0161,P-12,1.5,12:1 to 48:1,774.9,12750.0,Autumn,Crop_Season,Season_3
W02639,2022-08-18,3.300922,0.507,0.02,0.05,0.01,,,Wetland Pool 12,12750.0,sample,,,41.02410167,-83.69204333,0.3659,3.3078,0.1484,0.0906,0.0111,0.507,3.3009,0.02,0.05,0.01,P-12,1.5,12:1 to 48:1,774.9,12750.0,Summer,Crop_Season,Season_3
W03581,2023-04-18,0.99,0.05,0.02,0.1192,0.01,,,Wetland Pool 12,12750.0,sample,,,41.02409333,-83.691875,0.3659,3.3078,0.1484,0.0906,0.0111,0.05,0.99,0.02,0.1192,0.01,P-12,1.5,12:1 to 48:1,774.9,12750.0,Spring,Non_Crop_Season,Season_4
W00365,2022-04-01,0.559,0.052,0.02,0.1294,0.01,,,Wetland Pool 12,12750.0,sample,,,41.02404833,-83.69138167,0.3659,3.3078,0.1484,0.0906,0.0111,0.0585,0.6845,0.02,0.1216,0.01,P-12,1.5,12:1 to 48:1,774.9,12750.0,Spring,Non_Crop_Season,Season_2
W03664,2023-06-15,3.64,0.43,1.1857,0.1887,0.01,,,Wetland Pool 12,12750.0,sample,,,41.02412333,-83.69184667,0.3659,3.3078,0.1484,0.0906,0.0111,0.43,3.64,1.1857,0.1887,0.01,P-12,1.5,12:1 to 48:1,774.9,12750.0,Summer,Crop_Season,Season_5
W00156,2021-08-27,1.953,0.159,0.02,0.0564,0.01,,,Wetland Pool 12,12750.0,sample,Unfiltered. Some green miss like previous pool. ,,41.02409838,-83.69212031,0.3659,3.3078,0.1484,0.0906,0.0111,0.159,1.953,0.02,0.0564,0.01,P-12,1.5,12:1 to 48:1,774.9,12750.0,Summer,Crop_Season,Season_1
W02513,2022-07-14,4.469,0.437,0.02,0.0709,0.0135,,,Wetland Pool 12,12750.0,sample,,,41.024005,-83.69211167,0.3659,3.3078,0.1484,0.0906,0.0111,0.437,4.469,0.02,0.0709,0.0135,P-12,1.5,12:1 to 48:1,774.9,12750.0,Summer,Crop_Season,Season_3
W00364,2022-04-01,0.81,0.065,0.02,0.1138,0.01,,,Wetland Pool 12,12750.0,sample,,,41.02406,-83.69191667,0.3659,3.3078,0.1484,0.0906,0.0111,0.0585,0.6845,0.02,0.1216,0.01,P-12,1.5,12:1 to 48:1,774.9,12750.0,Spring,Non_Crop_Season,Season_2
W00395,2022-04-15,1.097,0.09,0.0103,0.037,0.01,,,Wetland Pool 12,12750.0,sample,,,41.02409333,-83.691805,0.3659,3.3078,0.1484,0.0906,0.0111,0.09,1.097,0.0103,0.037,0.01,P-12,1.5,12:1 to 48:1,774.9,12750.0,Spring,Non_Crop_Season,Season_2
W02515,2022-07-14,2.854,0.102,0.031,0.0505,0.01,,,Wetland Pool 13,6000.0,sample,,,41.023975,-83.69118667,0.1462,1.6569,0.0234,0.0961,0.0167,0.102,2.854,0.031,0.0505,0.01,P-13,1.5,10:1,775.1,6000.0,Summer,Crop_Season,Season_3
W03665,2023-06-15,2.37,0.39,0.0261,0.1997,0.0433,,,Wetland Pool 13,6000.0,sample,,Very dense tall veg cattails,41.024105,-83.69132333,0.1462,1.6569,0.0234,0.0961,0.0167,0.39,2.37,0.0261,0.1997,0.0433,P-13,1.5,10:1,775.1,6000.0,Summer,Crop_Season,Season_5
W02640,2022-08-18,1.967646,0.13,0.02,0.05,0.01,,,Wetland Pool 13,6000.0,sample,,,41.02406833,-83.69137833,0.1462,1.6569,0.0234,0.0961,0.0167,0.13,1.9676,0.02,0.05,0.01,P-13,1.5,10:1,775.1,6000.0,Summer,Crop_Season,Season_3
W00394,2022-04-15,0.638,0.044,0.02,0.0553,0.01,,,Wetland Pool 13,6000.0,sample,,No veg in this pool. Deeper than others. ,41.02400667,-83.69102667,0.1462,1.6569,0.0234,0.0961,0.0167,0.044,0.638,0.02,0.0553,0.01,P-13,1.5,10:1,775.1,6000.0,Spring,Non_Crop_Season,Season_2
W00366,2022-04-01,0.455,0.065,0.02,0.1248,0.01,,,Wetland Pool 13,6000.0,sample,,,41.02396667,-83.69073333,0.1462,1.6569,0.0234,0.0961,0.0167,0.065,0.455,0.02,0.1248,0.01,P-13,1.5,10:1,775.1,6000.0,Spring,Non_Crop_Season,Season_2
W02516,2022-07-14,6.487,0.884,0.0308,0.0943,0.0264,,,Wetland Pool 14,4000.0,sample,,,41.02389333,-83.69068,0.2802,2.4283,0.0363,0.2232,0.0148,0.884,6.487,0.0308,0.0943,0.0264,P-14,1.0,10:1,775.7,4000.0,Summer,Crop_Season,Season_3
W00393,2022-04-15,0.78,0.085,0.0194,0.0673,0.0127,,,Wetland Pool 14,4000.0,sample,,Lots of tall grass,41.02388167,-83.69051667,0.2802,2.4283,0.0363,0.2232,0.0148,0.085,0.78,0.0194,0.0673,0.0127,P-14,1.0,10:1,775.7,4000.0,Spring,Non_Crop_Season,Season_2
W00052,2021-05-27,0.833,0.072,0.075,0.05,0.01,0.781,0.022,Wetland Pool 14,4000.0,sample,This pool was full of water and had been sprayed with seed previously so plants were sprouting.,,41.024265,-83.690516,0.2802,2.4283,0.0363,0.2232,0.0148,0.072,0.833,0.075,0.05,0.01,P-14,1.0,10:1,775.7,4000.0,Spring,Crop_Season,Season_1
W00078,2021-07-30,1.613,0.08,0.02,0.681067,0.01,,,Wetland Pool 14,4000.0,replicate ,Southeast corner of pool ,,41.024444,-83.689722,0.2802,2.4283,0.0363,0.2232,0.0148,0.08,1.613,0.02,0.6811,0.01,P-14,1.0,10:1,775.7,4000.0,Summer,Crop_Season,Season_1
W00157,2021-08-27,2.712,0.157,0.02,0.0616,0.01,,,Wetland Pool 15,19500.0,sample,Unfiltered ,,41.02321601,-83.69100753,0.159,2.1287,0.0357,0.0616,0.0143,0.157,2.712,0.02,0.0616,0.01,P-15,1.5,16:1,775.4,19500.0,Summer,Crop_Season,Season_1
W00389,2022-04-15,0.589,0.034,0.02,0.0604,0.01,,,Wetland Pool 15,19500.0,sample,,,41.02324,-83.69115,0.159,2.1287,0.0357,0.0616,0.0143,0.034,0.589,0.02,0.0604,0.01,P-15,1.5,16:1,775.4,19500.0,Spring,Non_Crop_Season,Season_2
W02514,2022-07-14,3.085,0.286,0.067,0.0629,0.0228,,,Wetland Pool 15,19500.0,sample,,Water too low for physico. Very dense veg difficult to penetrate,41.02332,-83.69125333,0.159,2.1287,0.0357,0.0616,0.0143,0.286,3.085,0.067,0.0629,0.0228,P-15,1.5,16:1,775.4,19500.0,Summer,Crop_Season,Season_3
W00158,2021-08-27,1.858,0.157,0.02,0.0278,0.01,,,Wetland Pool 16,4000.0,sample,Unfiltered ,,41.02300081,-83.69078156,0.1,1.3365,0.02,0.0412,0.01,0.157,1.858,0.02,0.0278,0.01,P-16,1.0,10:1,775.8,4000.0,Summer,Crop_Season,Season_1
W00390,2022-04-15,0.815,0.043,0.02,0.0547,0.01,,,Wetland Pool 16,4000.0,sample,,,41.02307667,-83.69081667,0.1,1.3365,0.02,0.0412,0.01,0.043,0.815,0.02,0.0547,0.01,P-16,1.0,10:1,775.8,4000.0,Spring,Non_Crop_Season,Season_2
W00392,2022-04-15,0.691,0.073,0.011,0.052,0.01,,,Wetland Pool 17,2000.0,sample,,Full of tall grass. Difficult to see until you walk into it. ,41.0236,-83.69033,0.073,0.691,0.011,0.052,0.01,0.073,0.691,0.011,0.052,0.01,P-17,0.7,10:2,776.5,2000.0,Spring,Non_Crop_Season,Season_2
W03748,2023-07-26,,,0.02,0.05,0.01,,,Wetland Pool 18,19452.0,sample,,,41.023715,-83.68997833,0.0998,1.4082,0.0577,0.0863,0.0225,,,0.02,0.05,0.01,P-18,2.0,12:1 to 19:1,774.8,19452.0,Summer,Crop_Season,Season_5
W02641,2022-08-18,1.213434,0.04,0.3864,0.05,0.01,,,Wetland Pool 18,19452.0,sample,,,41.02377667,-83.689965,0.0998,1.4082,0.0577,0.0863,0.0225,0.04,1.2134,0.3864,0.05,0.01,P-18,2.0,12:1 to 19:1,774.8,19452.0,Summer,Crop_Season,Season_3
W02751,2022-11-01,2.003361,0.168,0.02,0.174,0.01,,,Wetland Pool 18,19452.0,sample,,,41.023765,-83.68996333,0.0998,1.4082,0.0577,0.0863,0.0225,0.2145,2.1181,0.02,0.1677,0.01,P-18,2.0,12:1 to 19:1,774.8,19452.0,Autumn,Non_Crop_Season,Season_4
W00367,2022-04-01,0.484,0.093,0.02,0.1161,0.016,,,Wetland Pool 18,19452.0,sample,,,41.02389167,-83.68997,0.0998,1.4082,0.0577,0.0863,0.0225,0.093,0.484,0.02,0.1161,0.016,P-18,2.0,12:1 to 19:1,774.8,19452.0,Spring,Non_Crop_Season,Season_2
W00159,2021-08-27,1.789,0.077,0.02,0.0629,0.01,,,Wetland Pool 18,19452.0,sample,"Chad says this has always been different, muddier, no vegetation in center even though it is shallow, no apparent reason. Unfiltered ",,41.02370707,-83.68975771,0.0998,1.4082,0.0577,0.0863,0.0225,0.077,1.789,0.02,0.0629,0.01,P-18,2.0,12:1 to 19:1,774.8,19452.0,Summer,Crop_Season,Season_1
W02517,2022-07-14,2.537,0.07,0.02,0.05,0.01,,,Wetland Pool 18,19452.0,sample,,,41.02378167,-83.69003333,0.0998,1.4082,0.0577,0.0863,0.0225,0.07,2.537,0.02,0.05,0.01,P-18,2.0,12:1 to 19:1,774.8,19452.0,Summer,Crop_Season,Season_3
W02805,2022-11-29,1.51,0.09,0.0324,0.05,0.01,,,Wetland Pool 18,19452.0,sample,,,41.02376167,-83.68995333,0.0998,1.4082,0.0577,0.0863,0.0225,0.085,1.5,0.0316,0.0784,0.01,P-18,2.0,12:1 to 19:1,774.8,19452.0,Autumn,Non_Crop_Season,Season_4
W02750,2022-11-01,2.23291,0.261,0.02,0.1614,0.01,,,Wetland Pool 18,19452.0,sample,,,41.02404667,-83.68998833,0.0998,1.4082,0.0577,0.0863,0.0225,0.2145,2.1181,0.02,0.1677,0.01,P-18,2.0,12:1 to 19:1,774.8,19452.0,Autumn,Non_Crop_Season,Season_4
W03666,2023-06-15,1.12,0.06,0.02,0.05,0.01,,,Wetland Pool 18,19452.0,sample,,Cattails on edges. Other low or underwater veg in deeper water,41.0238,-83.68997833,0.0998,1.4082,0.0577,0.0863,0.0225,0.06,1.12,0.02,0.05,0.01,P-18,2.0,12:1 to 19:1,774.8,19452.0,Summer,Crop_Season,Season_5
W00051,2021-05-27,0.8,0.108,0.122,0.01,0.169,0.692,0.064,Wetland Pool 18,19452.0,sample,This pool was full of water,,41.024038,-83.689883,0.0998,1.4082,0.0577,0.0863,0.0225,0.108,0.8,0.122,0.01,0.169,P-18,2.0,12:1 to 19:1,774.8,19452.0,Spring,Crop_Season,Season_1
W00076,2021-07-30,1.176,0.084,0.02,0.164269,0.01,,,Wetland Pool 18,19452.0,replicate ,,,41.023611,-83.689722,0.0998,1.4082,0.0577,0.0863,0.0225,0.084,1.176,0.02,0.1643,0.01,P-18,2.0,12:1 to 19:1,774.8,19452.0,Summer,Crop_Season,Season_1
W02689,2022-09-20,1.160394,0.077,0.0557,0.05,0.0196,,,Wetland Pool 18,19452.0,sample,,,41.023775,-83.68996667,0.0998,1.4082,0.0577,0.0863,0.0225,0.077,1.1604,0.0557,0.05,0.0196,P-18,2.0,12:1 to 19:1,774.8,19452.0,Autumn,Crop_Season,Season_3
W02804,2022-11-29,1.49,0.08,0.0307,0.1067,0.01,,,Wetland Pool 18,19452.0,sample,,,41.02402167,-83.69000667,0.0998,1.4082,0.0577,0.0863,0.0225,0.085,1.5,0.0316,0.0784,0.01,P-18,2.0,12:1 to 19:1,774.8,19452.0,Autumn,Non_Crop_Season,Season_4
W03582,2023-04-18,0.79,0.09,0.02,0.1128,0.01,,,Wetland Pool 18,19452.0,sample,,,41.02375833,-83.69006833,0.0998,1.4082,0.0577,0.0863,0.0225,0.09,0.79,0.02,0.1128,0.01,P-18,2.0,12:1 to 19:1,774.8,19452.0,Spring,Non_Crop_Season,Season_4
W02752,2022-11-01,5.231225,0.642,0.02,0.1811,0.01,,,Wetland Pool 19,11124.0,sample,,Red and green algae. Not deep enough for proDSS,41.02320167,-83.69009833,0.1766,2.0481,0.0924,0.0893,0.0105,0.642,5.2312,0.02,0.1811,0.01,P-19,1.5,14:1 to 36:1,775.6,11124.0,Autumn,Non_Crop_Season,Season_4
W02642,2022-08-18,0.911942,0.029,0.02,0.05,0.01,,,Wetland Pool 19,11124.0,sample,,,41.02322667,-83.690055,0.1766,2.0481,0.0924,0.0893,0.0105,0.029,0.9119,0.02,0.05,0.01,P-19,1.5,14:1 to 36:1,775.6,11124.0,Summer,Crop_Season,Season_3
W02518,2022-07-14,2.587,0.083,0.02,0.05,0.01,,,Wetland Pool 19,11124.0,sample,,,41.02323667,-83.69023333,0.1766,2.0481,0.0924,0.0893,0.0105,0.083,2.587,0.02,0.05,0.01,P-19,1.5,14:1 to 36:1,775.6,11124.0,Summer,Crop_Season,Season_3
W02690,2022-09-20,1.896164,0.183,0.02,0.05,0.0145,,,Wetland Pool 19,11124.0,sample,,,41.023215,-83.690065,0.1766,2.0481,0.0924,0.0893,0.0105,0.183,1.8962,0.02,0.05,0.0145,P-19,1.5,14:1 to 36:1,775.6,11124.0,Autumn,Crop_Season,Season_3
W00160,2021-08-27,0.124,0.078,0.02,0.0246,0.01,,,Wetland Pool 19,11124.0,sample,Large open water area no green moss unfiltered ,,41.02319657,-83.69016222,0.1766,2.0481,0.0924,0.0893,0.0105,0.078,0.124,0.02,0.0246,0.01,P-19,1.5,14:1 to 36:1,775.6,11124.0,Summer,Crop_Season,Season_1
W00391,2022-04-15,0.723,0.074,0.02,0.0644,0.01,,,Wetland Pool 19,11124.0,sample,,,41.0231,-83.69028833,0.1766,2.0481,0.0924,0.0893,0.0105,0.074,0.723,0.02,0.0644,0.01,P-19,1.5,14:1 to 36:1,775.6,11124.0,Spring,Non_Crop_Season,Season_2
W02806,2022-11-29,4.73,0.38,0.6717,0.05,0.01,,,Wetland Pool 19,11124.0,sample,,,41.023135,-83.6901,0.1766,2.0481,0.0924,0.0893,0.0105,0.38,4.73,0.6717,0.05,0.01,P-19,1.5,14:1 to 36:1,775.6,11124.0,Autumn,Non_Crop_Season,Season_4
W03583,2023-04-18,0.68,0.02,0.02,0.1203,0.01,,,Wetland Pool 19,11124.0,sample,,,41.023275,-83.69018,0.1766,2.0481,0.0924,0.0893,0.0105,0.02,0.68,0.02,0.1203,0.01,P-19,1.5,14:1 to 36:1,775.6,11124.0,Spring,Non_Crop_Season,Season_4
W03667,2023-06-15,1.55,0.1,0.02,0.2136,0.01,,,Wetland Pool 19,11124.0,sample,,Cattail edges low veg middle like pool 18,41.02325333,-83.69018333,0.1766,2.0481,0.0924,0.0893,0.0105,0.1,1.55,0.02,0.2136,0.01,P-19,1.5,14:1 to 36:1,775.6,11124.0,Summer,Crop_Season,Season_5
W00074,2021-07-30,1.004,0.054,0.02,0.166595,0.01,,,Wetland Pool 20,5000.0,replicate ,"Width of pool was not possible, this pool is almost completely filled with foliage that is over 5 ft tall. Thereâ€™s plenty of standing water around the pool, we are accessing the pool from the south end. Even though there was lots of vegetation, once in the middle of the pool, the water was pretty shallow and easy to walk through ",,41.023611,-83.688056,0.1017,0.2992,0.021,0.0757,0.0666,0.054,1.004,0.02,0.1666,0.01,P-20,0.5,24:1,776.8,5000.0,Summer,Crop_Season,Season_1
W02694,2022-09-21,0.12,0.015,,,,,,Wetland Pool 20,5000.0,blank,,,41.02272667,-83.68365667,0.1017,0.2992,0.021,0.0757,0.0666,0.015,0.145,,,,P-20,0.5,24:1,776.8,5000.0,Autumn,Crop_Season,Season_3
W00228,2021-09-27,1.003,1.049,0.02,0.0547,0.9025,,,Wetland Pool 20,5000.0,sample,No open water. Dense tall vegetation,,41.02363578,-83.68799089,0.1017,0.2992,0.021,0.0757,0.0666,1.049,1.003,0.02,0.0547,0.9025,P-20,0.5,24:1,776.8,5000.0,Autumn,Crop_Season,Season_1
W02695,2022-09-21,0.17,0.015,,,,,,Wetland Pool 20,5000.0,blank,,,41.02268833,-83.68364333,0.1017,0.2992,0.021,0.0757,0.0666,0.015,0.145,,,,P-20,0.5,24:1,776.8,5000.0,Autumn,Crop_Season,Season_3
W03638,2023-06-07,0.075,0.015,0.02,0.05,0.01,,,Wetland Pool 20,5000.0,blank,,Used bottled water,41.02283833,-83.68371667,0.1017,0.2992,0.021,0.0757,0.0666,0.015,0.075,0.02,0.0919,0.01,P-20,0.5,24:1,776.8,5000.0,Summer,Crop_Season,Season_5
W03637,2023-06-07,0.075,0.015,0.02,0.13373109,0.01,,,Wetland Pool 20,5000.0,blank,,Used drinking water,41.02283833,-83.68371667,0.1017,0.2992,0.021,0.0757,0.0666,0.015,0.075,0.02,0.0919,0.01,P-20,0.5,24:1,776.8,5000.0,Summer,Crop_Season,Season_5
W00408,2022-04-15,1.665,0.329,0.02,0.0423,0.0234,,,Wetland Pool 20,5000.0,sample,,Totally grown with tall grasses,41.02360333,-83.68796667,0.1017,0.2992,0.021,0.0757,0.0666,0.329,1.665,0.02,0.0423,0.0234,P-20,0.5,24:1,776.8,5000.0,Spring,Non_Crop_Season,Season_2
W02814,2022-12-01,0.075,0.015,0.02,0.05,0.01,,,Wetland Pool 20,5000.0,blank,,,41.02257333,-83.68372667,0.1017,0.2992,0.021,0.0757,0.0666,0.015,0.075,0.0278,0.0706,0.01,P-20,0.5,24:1,776.8,5000.0,Winter,Non_Crop_Season,Season_4
W02813,2022-12-01,0.075,0.015,0.0356,0.0913,0.01,,,Wetland Pool 20,5000.0,blank,,,41.02259167,-83.683725,0.1017,0.2992,0.021,0.0757,0.0666,0.015,0.075,0.0278,0.0706,0.01,P-20,0.5,24:1,776.8,5000.0,Winter,Non_Crop_Season,Season_4
W02565,2022-07-27,0.075,0.015,0.02,0.0204,0.01,,,Wetland Pool 20,5000.0,blank,,,41.02268333,-83.68380333,0.1017,0.2992,0.021,0.0757,0.0666,0.015,0.075,0.02,0.0165,0.01,P-20,0.5,24:1,776.8,5000.0,Summer,Crop_Season,Season_3
W02566,2022-07-27,0.075,0.015,0.02,0.0126,0.01,,,Wetland Pool 20,5000.0,blank,,,41.02268333,-83.68380167,0.1017,0.2992,0.021,0.0757,0.0666,0.015,0.075,0.02,0.0165,0.01,P-20,0.5,24:1,776.8,5000.0,Summer,Crop_Season,Season_3
W02796,2022-11-17,0.075,0.015,0.02,0.1019,0.01,,,Wetland Pool 20,5000.0,blank,,,41.02274333,-83.68374833,0.1017,0.2992,0.021,0.0757,0.0666,0.015,0.075,0.02,0.1019,0.01,P-20,0.5,24:1,776.8,5000.0,Autumn,Non_Crop_Season,Season_4
W03743,2023-07-25,,,0.02,0.05,0.01,,,Wetland Pool 20,5000.0,blank,,,,,0.1017,0.2992,0.021,0.0757,0.0666,,,0.02,0.05,0.01,P-20,0.5,24:1,776.8,5000.0,Summer,Crop_Season,Season_5
W02758,2022-11-02,0.075,0.015,0.02,0.157,0.01,,,Wetland Pool 20,5000.0,blank,,,41.022875,-83.68417,0.1017,0.2992,0.021,0.0757,0.0666,0.015,0.075,0.02,0.1035,0.01,P-20,0.5,24:1,776.8,5000.0,Autumn,Non_Crop_Season,Season_4
W03651,2023-06-14,0.075,0.015,0.02,0.1097,0.01,,,Wetland Pool 20,5000.0,blank,,,41.02275167,-83.68374167,0.1017,0.2992,0.021,0.0757,0.0666,0.015,0.075,0.02,0.0906,0.01,P-20,0.5,24:1,776.8,5000.0,Summer,Crop_Season,Season_5
W03652,2023-06-14,0.075,0.015,0.02,0.0714,0.01,,,Wetland Pool 20,5000.0,blank,,,41.02272667,-83.68375,0.1017,0.2992,0.021,0.0757,0.0666,0.015,0.075,0.02,0.0906,0.01,P-20,0.5,24:1,776.8,5000.0,Summer,Crop_Season,Season_5
W03742,2023-07-25,,,0.02,0.05,0.01,,,Wetland Pool 20,5000.0,blank,,,,,0.1017,0.2992,0.021,0.0757,0.0666,,,0.02,0.05,0.01,P-20,0.5,24:1,776.8,5000.0,Summer,Crop_Season,Season_5
W02759,2022-11-02,0.075,0.015,0.02,0.05,0.01,,,Wetland Pool 20,5000.0,blank,,,41.02279333,-83.68384667,0.1017,0.2992,0.021,0.0757,0.0666,0.015,0.075,0.02,0.1035,0.01,P-20,0.5,24:1,776.8,5000.0,Autumn,Non_Crop_Season,Season_4
W02606,2022-08-11,1.837988,0.071,0.02,0.05,0.01,,,Wetland Pool 21,14085.0,sample,,,41.02381833,-83.68672167,0.1114,1.4664,0.02,0.0593,0.0203,0.071,1.838,0.02,0.05,0.01,P-21,1.5,15:1 to 29:1,775.9,14085.0,Summer,Crop_Season,Season_3
W02698,2022-09-21,1.5,0.126,0.02,0.05,0.01,,,Wetland Pool 21,14085.0,sample,,,41.02381333,-83.68672167,0.1114,1.4664,0.02,0.0593,0.0203,0.126,1.5,0.02,0.05,0.01,P-21,1.5,15:1 to 29:1,775.9,14085.0,Autumn,Crop_Season,Season_3
W02524,2022-07-14,2.385,0.089,0.02,0.0582,0.01,,,Wetland Pool 21,14085.0,sample,,,41.02382167,-83.68673333,0.1114,1.4664,0.02,0.0593,0.0203,0.089,2.385,0.02,0.0582,0.01,P-21,1.5,15:1 to 29:1,775.9,14085.0,Summer,Crop_Season,Season_3
W00407,2022-04-15,0.734,0.055,0.02,0.0445,0.01,,,Wetland Pool 21,14085.0,sample,,,41.02401833,-83.686875,0.1114,1.4664,0.02,0.0593,0.0203,0.055,0.734,0.02,0.0445,0.01,P-21,1.5,15:1 to 29:1,775.9,14085.0,Spring,Non_Crop_Season,Season_2
W00226,2021-09-27,0.875,0.216,0.02,0.0938,0.0614,,,Wetland Pool 21,14085.0,sample,,,41.02370744,-83.68666368,0.1114,1.4664,0.02,0.0593,0.0203,0.216,0.875,0.02,0.0938,0.0614,P-21,1.5,15:1 to 29:1,775.9,14085.0,Autumn,Crop_Season,Season_1
W00044,2021-05-27,0.724,0.036,0.058,0.05,0.01,1.142,0.027,Wetland Pool 22,15000.0,sample,"Pool was full with water, no vegetation directly around or in pool, it had not yet been planted with seed.",,41.0239,-83.6873,0.1783,1.7067,0.0305,0.1465,0.0343,0.036,0.724,0.058,0.05,0.01,P-22,1.5,10:1,775.7,15000.0,Spring,Crop_Season,Season_1
W02526,2022-07-14,5.18,0.456,0.045,0.0539,0.01,,,Wetland Pool 22,15000.0,sample,,,41.024835,-83.68768,0.1783,1.7067,0.0305,0.1465,0.0343,0.456,5.18,0.045,0.0539,0.01,P-22,1.5,10:1,775.7,15000.0,Summer,Crop_Season,Season_3
W00405,2022-04-15,0.731,0.054,0.02,0.0433,0.01,,,Wetland Pool 22,15000.0,sample,,,41.02496833,-83.68720333,0.1783,1.7067,0.0305,0.1465,0.0343,0.054,0.731,0.02,0.0433,0.01,P-22,1.5,10:1,775.7,15000.0,Spring,Non_Crop_Season,Season_2
W00229,2021-09-27,0.704,0.232,0.02,0.0741,0.1558,,,Wetland Pool 22,15000.0,sample,,,41.02485417,-83.6876572,0.1783,1.7067,0.0305,0.1465,0.0343,0.232,0.704,0.02,0.0741,0.1558,P-22,1.5,10:1,775.7,15000.0,Autumn,Crop_Season,Season_1
W00080,2021-07-30,0.941,0.042,0.02,0.158405,0.01,,,Wetland Pool 22,15000.0,replicate ,"Much vegetation In this area, very muddy. ",,41.024722,-83.687222,0.1783,1.7067,0.0305,0.1465,0.0343,0.042,0.941,0.02,0.1584,0.01,P-22,1.5,10:1,775.7,15000.0,Summer,Crop_Season,Season_1
W03656,2023-06-14,1.96,0.25,0.02,0.4992,0.01,,,Wetland Pool 22,15000.0,sample,,Moderate dense vegetation soft bottom,41.02490333,-83.68770167,0.1783,1.7067,0.0305,0.1465,0.0343,0.25,1.96,0.02,0.4992,0.01,P-22,1.5,10:1,775.7,15000.0,Summer,Crop_Season,Season_5
W00225,2021-09-27,0.744,0.292,0.02,0.0592,0.2369,,,Wetland Pool 24,10000.0,sample,,,41.02405651,-83.68568947,0.227,2.4685,0.02,0.0586,0.124,0.292,0.744,0.02,0.0592,0.2369,P-24,1.0,18:1 to 78:1,778.3,10000.0,Autumn,Crop_Season,Season_1
W02523,2022-07-14,4.193,0.162,0.02,0.0579,0.0112,,,Wetland Pool 24,10000.0,sample,,,41.02399667,-83.68573833,0.227,2.4685,0.02,0.0586,0.124,0.162,4.193,0.02,0.0579,0.0112,P-24,1.0,18:1 to 78:1,778.3,10000.0,Summer,Crop_Season,Season_3
W03584,2023-04-18,0.68,0.06,0.02,0.1227,0.01,,,Wetland Pool 25,15000.0,sample,,,41.02416,-83.68450667,0.1819,1.4995,0.037,0.0672,0.0302,0.06,0.68,0.02,0.1227,0.01,P-25,1.5,16:1 to 19:1,775.8,15000.0,Spring,Non_Crop_Season,Season_4
W00043,2021-05-27,3.365,0.598,0.138,0.05,0.133,2.233,0.249,Wetland Pool 25,15000.0,sample,"Pool was full with water, no flow, cloudiest water of the pools we had sampled so far, was shallow near the south west end and had many frogs and tadpoles, had been sprayed with seed",,41.0239,-83.68451,0.1819,1.4995,0.037,0.0672,0.0302,0.598,3.365,0.138,0.05,0.133,P-25,1.5,16:1 to 19:1,775.8,15000.0,Spring,Crop_Season,Season_1
W02522,2022-07-14,2.143,0.127,0.0207,0.05,0.0108,,,Wetland Pool 25,15000.0,sample,,,41.02286167,-83.683685,0.1819,1.4995,0.037,0.0672,0.0302,0.127,2.143,0.0207,0.05,0.0108,P-25,1.5,16:1 to 19:1,775.8,15000.0,Summer,Crop_Season,Season_3
W02605,2022-08-11,2.040609,0.264,0.02,0.05,0.01,,,Wetland Pool 25,15000.0,sample,,,41.02397167,-83.684735,0.1819,1.4995,0.037,0.0672,0.0302,0.264,2.0406,0.02,0.05,0.01,P-25,1.5,16:1 to 19:1,775.8,15000.0,Summer,Crop_Season,Season_3
W00224,2021-09-27,0.794,0.077,0.02,0.0721,0.0269,,,Wetland Pool 25,15000.0,sample,,,41.02390098,-83.68448909,0.1819,1.4995,0.037,0.0672,0.0302,0.077,0.794,0.02,0.0721,0.0269,P-25,1.5,16:1 to 19:1,775.8,15000.0,Autumn,Crop_Season,Season_1
W00397,2022-04-15,0.704,0.067,0.02,0.0758,0.0105,,,Wetland Pool 25,15000.0,sample,,Merged with pool to NE,41.02385833,-83.68438667,0.1819,1.4995,0.037,0.0672,0.0302,0.067,0.704,0.02,0.0758,0.0105,P-25,1.5,16:1 to 19:1,775.8,15000.0,Spring,Non_Crop_Season,Season_2
W02696,2022-09-21,0.77,0.08,0.02,0.05,0.01,,,Wetland Pool 25,15000.0,sample,,,41.02385,-83.684525,0.1819,1.4995,0.037,0.0672,0.0302,0.08,0.77,0.02,0.05,0.01,P-25,1.5,16:1 to 19:1,775.8,15000.0,Autumn,Crop_Season,Season_3
W02604,2022-08-11,1.168732,0.072,0.02,0.05,0.01,,,Wetland Pool 26,22424.0,sample,,,41.024405,-83.68502,0.1086,1.5949,0.02,0.0577,0.0102,0.072,1.1687,0.02,0.05,0.01,P-26,2.0,10:1,775.2,22424.0,Summer,Crop_Season,Season_3
W02540,2022-07-14,3.654,0.221,0.02,0.05,0.01,,,Wetland Pool 26,22424.0,sample,,,41.02492167,-83.68488333,0.1086,1.5949,0.02,0.0577,0.0102,0.221,3.654,0.02,0.05,0.01,P-26,2.0,10:1,775.2,22424.0,Summer,Crop_Season,Season_3
W02823,2022-12-01,1.54,0.13,0.02,0.05,0.01,,,Wetland Pool 26,22424.0,sample,,Ice,41.02471333,-83.6849,0.1086,1.5949,0.02,0.0577,0.0102,0.12,1.505,0.02,0.05,0.01,P-26,2.0,10:1,775.2,22424.0,Winter,Non_Crop_Season,Season_4
W02825,2022-12-01,1.47,0.11,,,,,,Wetland Pool 26,22424.0,sample,,Ice,41.02429167,-83.68503333,0.1086,1.5949,0.02,0.0577,0.0102,0.12,1.505,0.02,0.05,0.01,P-26,2.0,10:1,775.2,22424.0,Winter,Non_Crop_Season,Season_4
W02760,2022-11-02,1.984818,0.166,0.02,0.05,0.01,,,Wetland Pool 26,22424.0,sample,,,41.02436167,-83.68474167,0.1086,1.5949,0.02,0.0577,0.0102,0.148,1.8583,0.02,0.05,0.01,P-26,2.0,10:1,775.2,22424.0,Autumn,Non_Crop_Season,Season_4
W03585,2023-04-18,0.72,0.06,0.02,0.1173,0.01,,,Wetland Pool 26,22424.0,sample,,,41.02457333,-83.68475833,0.1086,1.5949,0.02,0.0577,0.0102,0.06,0.72,0.02,0.1173,0.01,P-26,2.0,10:1,775.2,22424.0,Spring,Non_Crop_Season,Season_4
W02708,2022-09-21,1.08,0.037,0.02,0.05,0.01,,,Wetland Pool 26,22424.0,sample,,,41.02465333,-83.68499167,0.1086,1.5949,0.02,0.0577,0.0102,0.037,1.08,0.02,0.05,0.01,P-26,2.0,10:1,775.2,22424.0,Autumn,Crop_Season,Season_3
W00245,2021-09-27,1.005,0.051,0.02,0.0462,0.0116,,,Wetland Pool 26,22424.0,sample,,,41.02462547,-83.68476385,0.1086,1.5949,0.02,0.0577,0.0102,0.051,1.005,0.02,0.0462,0.0116,P-26,2.0,10:1,775.2,22424.0,Autumn,Crop_Season,Season_1
W03740,2023-07-25,,,0.02,0.0559,0.0105,,,Wetland Pool 26,22424.0,sample,,,41.02462167,-83.68506667,0.1086,1.5949,0.02,0.0577,0.0102,,,0.02,0.0559,0.0105,P-26,2.0,10:1,775.2,22424.0,Summer,Crop_Season,Season_5
W02770,2022-11-02,1.731821,0.13,0.02,0.05,0.01,,,Wetland Pool 26,22424.0,sample,,,41.02425333,-83.68497167,0.1086,1.5949,0.02,0.0577,0.0102,0.148,1.8583,0.02,0.05,0.01,P-26,2.0,10:1,775.2,22424.0,Autumn,Non_Crop_Season,Season_4
W02539,2022-07-14,6.764,0.26,0.02,0.0648,0.01,,,Wetland Pool 27,5000.0,sample,,,41.02495667,-83.68449667,0.2353,4.1217,0.0346,0.0591,0.0316,0.26,6.764,0.02,0.0648,0.01,P-27,0.5,31:1 to 280:1,776.6,5000.0,Summer,Crop_Season,Season_3
W00244,2021-09-27,0.633,0.12,0.02,0.0626,0.0747,,,Wetland Pool 27,5000.0,sample,,,41.02508862,-83.68454802,0.2353,4.1217,0.0346,0.0591,0.0316,0.12,0.633,0.02,0.0626,0.0747,P-27,0.5,31:1 to 280:1,776.6,5000.0,Autumn,Crop_Season,Season_1
W02619,2022-08-11,4.967966,0.326,0.0639,0.05,0.01,,,Wetland Pool 27,5000.0,sample,,,41.02504167,-83.684545,0.2353,4.1217,0.0346,0.0591,0.0316,0.326,4.968,0.0639,0.05,0.01,P-27,0.5,31:1 to 280:1,776.6,5000.0,Summer,Crop_Season,Season_3
W00234,2021-09-27,0.924,0.412,0.02,0.0928,0.2963,,,Wetland Pool 28,10000.0,sample,,,41.02573302,-83.68745159,0.3657,4.2142,0.02,0.0644,0.1054,0.412,0.924,0.02,0.0928,0.2963,P-28,1.0,10:1,776.1,10000.0,Autumn,Crop_Season,Season_1
W02608,2022-08-11,6.665597,0.486,0.02,0.05,0.01,,,Wetland Pool 28,10000.0,sample,,,41.02573333,-83.68744667,0.3657,4.2142,0.02,0.0644,0.1054,0.486,6.6656,0.02,0.05,0.01,P-28,1.0,10:1,776.1,10000.0,Summer,Crop_Season,Season_3
W02528,2022-07-14,5.053,0.199,0.02,0.0505,0.01,,,Wetland Pool 28,10000.0,sample,,,41.02586833,-83.68718667,0.3657,4.2142,0.02,0.0644,0.1054,0.199,5.053,0.02,0.0505,0.01,P-28,1.0,10:1,776.1,10000.0,Summer,Crop_Season,Season_3
W02817,2022-12-01,5.93,0.55,0.2526,0.05,0.01,,,Wetland Pool 29,30000.0,sample,,,41.02552167,-83.68679667,0.6738,5.9419,0.0588,0.0558,0.0251,0.55,5.93,0.2526,0.05,0.01,P-29,1.5,10:1,775.7,30000.0,Winter,Non_Crop_Season,Season_4
W02764,2022-11-02,11.10326,1.235,0.02,0.05,0.01,,,Wetland Pool 29,30000.0,sample,,,41.02550333,-83.68681333,0.6738,5.9419,0.0588,0.0558,0.0251,1.235,11.1033,0.02,0.05,0.01,P-29,1.5,10:1,775.7,30000.0,Autumn,Non_Crop_Season,Season_4
W02527,2022-07-14,3.719,0.246,0.02,0.07,0.0242,,,Wetland Pool 29,30000.0,sample,,,41.02547,-83.686815,0.6738,5.9419,0.0588,0.0558,0.0251,0.246,3.719,0.02,0.07,0.0242,P-29,1.5,10:1,775.7,30000.0,Summer,Crop_Season,Season_3
W02700,2022-09-21,10.88,1.555,0.02,0.05,0.0115,,,Wetland Pool 29,30000.0,sample,,,41.02555833,-83.68697833,0.6738,5.9419,0.0588,0.0558,0.0251,1.555,10.88,0.02,0.05,0.0115,P-29,1.5,10:1,775.7,30000.0,Autumn,Crop_Season,Season_3
W02609,2022-08-11,3.123219,0.248,0.02,0.05,0.01,,,Wetland Pool 29,30000.0,sample,,,41.02559667,-83.68696833,0.6738,5.9419,0.0588,0.0558,0.0251,0.248,3.1232,0.02,0.05,0.01,P-29,1.5,10:1,775.7,30000.0,Summer,Crop_Season,Season_3
W00233,2021-09-27,0.896,0.209,0.02,0.0648,0.0849,,,Wetland Pool 29,30000.0,sample,,,41.02547506,-83.68677568,0.6738,5.9419,0.0588,0.0558,0.0251,0.209,0.896,0.02,0.0648,0.0849,P-29,1.5,10:1,775.7,30000.0,Autumn,Crop_Season,Season_1
W00404,2022-04-15,0.822,0.078,0.02,0.0545,0.01,,,Wetland Pool 30,20000.0,sample,,Merged with other pools,41.02580667,-83.686035,0.1769,2.2389,0.0908,0.1417,0.021,0.078,0.822,0.02,0.0545,0.01,P-30,2.0,14:1 to 28:1,775.1,20000.0,Spring,Non_Crop_Season,Season_2
W03593,2023-04-18,0.54,0.06,0.02,0.1119,0.01,,,Wetland Pool 30,20000.0,sample,,,41.02596167,-83.686375,0.1769,2.2389,0.0908,0.1417,0.021,0.06,0.54,0.02,0.1119,0.01,P-30,2.0,14:1 to 28:1,775.1,20000.0,Spring,Non_Crop_Season,Season_4
W02529,2022-07-14,2.733,0.116,0.0221,0.0836,0.01,,,Wetland Pool 30,20000.0,sample,,,41.02577,-83.686365,0.1769,2.2389,0.0908,0.1417,0.021,0.116,2.733,0.0221,0.0836,0.01,P-30,2.0,14:1 to 28:1,775.1,20000.0,Summer,Crop_Season,Season_3
W02958,2023-02-23,1.69,0.4,0.02,0.8054,0.1181,,,Wetland Pool 30,20000.0,sample,,,41.02597667,-83.686335,0.1769,2.2389,0.0908,0.1417,0.021,0.4,1.69,0.02,0.8054,0.1181,P-30,2.0,14:1 to 28:1,775.1,20000.0,Winter,Non_Crop_Season,Season_4
W03655,2023-06-14,0.89,0.03,0.02,0.1102,0.01,,,Wetland Pool 30,20000.0,sample,,No flow. Moderate dense vegetation mostly underwater ,41.02598667,-83.686355,0.1769,2.2389,0.0908,0.1417,0.021,0.03,0.89,0.02,0.1102,0.01,P-30,2.0,14:1 to 28:1,775.1,20000.0,Summer,Crop_Season,Season_5
W02818,2022-12-01,3.38,0.09,0.8675,0.2118,0.01,,,Wetland Pool 30,20000.0,sample,,Ice,41.02574667,-83.68627667,0.1769,2.2389,0.0908,0.1417,0.021,0.09,3.38,0.8675,0.2118,0.01,P-30,2.0,14:1 to 28:1,775.1,20000.0,Winter,Non_Crop_Season,Season_4
W00232,2021-09-27,1.042,0.116,0.02,0.0558,0.01,,,Wetland Pool 30,20000.0,sample,,,41.02551421,-83.6863052,0.1769,2.2389,0.0908,0.1417,0.021,0.116,1.042,0.02,0.0558,0.01,P-30,2.0,14:1 to 28:1,775.1,20000.0,Autumn,Crop_Season,Season_1
W02702,2022-09-21,1.15,0.03,0.02,0.05,0.01,,,Wetland Pool 30,20000.0,sample,,,41.025615,-83.686075,0.1769,2.2389,0.0908,0.1417,0.021,0.03,1.15,0.02,0.05,0.01,P-30,2.0,14:1 to 28:1,775.1,20000.0,Autumn,Crop_Season,Season_3
W03738,2023-07-25,,,0.02,0.0677,0.01,,,Wetland Pool 30,20000.0,sample,,,41.02568333,-83.686055,0.1769,2.2389,0.0908,0.1417,0.021,,,0.02,0.0677,0.01,P-30,2.0,14:1 to 28:1,775.1,20000.0,Summer,Crop_Season,Season_5
W02765,2022-11-02,8.23239,0.851,0.02,0.05,0.0345,,,Wetland Pool 30,20000.0,sample,,,41.02582833,-83.68627833,0.1769,2.2389,0.0908,0.1417,0.021,0.496,5.442,0.02,0.05,0.0223,P-30,2.0,14:1 to 28:1,775.1,20000.0,Autumn,Non_Crop_Season,Season_4
W02766,2022-11-02,2.651609,0.141,0.02,0.05,0.01,,,Wetland Pool 30,20000.0,sample,,,41.02569667,-83.68627167,0.1769,2.2389,0.0908,0.1417,0.021,0.496,5.442,0.02,0.05,0.0223,P-30,2.0,14:1 to 28:1,775.1,20000.0,Autumn,Non_Crop_Season,Season_4
W02611,2022-08-11,1.496521,0.034,0.02,0.05,0.01,,,Wetland Pool 30,20000.0,sample,,,41.02563167,-83.68608,0.1769,2.2389,0.0908,0.1417,0.021,0.034,1.4965,0.02,0.05,0.01,P-30,2.0,14:1 to 28:1,775.1,20000.0,Summer,Crop_Season,Season_3
W02612,2022-08-11,6.311407,0.464,0.1732,0.05,0.01,,,Wetland Pool 31,10000.0,sample,,,41.02581333,-83.68508833,0.2443,2.6818,0.048,0.0924,0.0263,0.464,6.3114,0.1732,0.05,0.01,P-31,1.0,10:1,776.1,10000.0,Summer,Crop_Season,Season_3
W03592,2023-04-18,0.84,0.03,0.0601,0.1015,0.01,,,Wetland Pool 31,10000.0,sample,,,41.02588333,-83.68523167,0.2443,2.6818,0.048,0.0924,0.0263,0.03,0.84,0.0601,0.1015,0.01,P-31,1.0,10:1,776.1,10000.0,Spring,Non_Crop_Season,Season_4
W02957,2023-02-23,1.05,0.2,0.02,0.1544,0.0471,,,Wetland Pool 31,10000.0,sample,,,41.02593667,-83.68528833,0.2443,2.6818,0.048,0.0924,0.0263,0.205,1.13,0.0212,0.1377,0.0427,P-31,1.0,10:1,776.1,10000.0,Winter,Non_Crop_Season,Season_4
W02956,2023-02-23,1.21,0.21,0.0225,0.121,0.0383,,,Wetland Pool 31,10000.0,sample,,,41.02593833,-83.68519,0.2443,2.6818,0.048,0.0924,0.0263,0.205,1.13,0.0212,0.1377,0.0427,P-31,1.0,10:1,776.1,10000.0,Winter,Non_Crop_Season,Season_4
W02531,2022-07-14,6.763,0.485,0.02,0.0921,0.0104,,,Wetland Pool 31,10000.0,sample,,,41.02568,-83.68505833,0.2443,2.6818,0.048,0.0924,0.0263,0.485,6.763,0.02,0.0921,0.0104,P-31,1.0,10:1,776.1,10000.0,Summer,Crop_Season,Season_3
W03654,2023-06-14,1.87,0.18,0.02,0.0712,0.01,,,Wetland Pool 31,10000.0,sample,,No flow from tiles. Depth varies/puddles. Range 4-14 cm. ,41.02585,-83.685315,0.2443,2.6818,0.048,0.0924,0.0263,0.18,1.87,0.02,0.0712,0.01,P-31,1.0,10:1,776.1,10000.0,Summer,Crop_Season,Season_5
W00235,2021-09-27,0.728,0.141,0.02,0.0565,0.0586,,,Wetland Pool 31,10000.0,sample,Daylighted tile drains into this. Dense plants,,41.0257497,-83.68536039,0.2443,2.6818,0.048,0.0924,0.0263,0.141,0.728,0.02,0.0565,0.0586,P-31,1.0,10:1,776.1,10000.0,Autumn,Crop_Season,Season_1
W03586,2023-04-18,0.87,0.03,0.02,0.1107,0.01,,,Wetland Pool 32,10000.0,sample,,,41.025785,-83.68403,0.055,1.795,0.1633,0.6228,0.0175,0.03,0.87,0.02,0.1107,0.01,P-32,1.0,10:1,776.3,10000.0,Spring,Non_Crop_Season,Season_4
W03653,2023-06-14,2.72,0.08,0.3066,1.135,0.025,,,Wetland Pool 32,10000.0,sample,,Light-moderate veg. Firm bottom. Puddles. ,41.02601167,-83.683995,0.055,1.795,0.1633,0.6228,0.0175,0.08,2.72,0.3066,1.135,0.025,P-32,1.0,10:1,776.3,10000.0,Summer,Crop_Season,Season_5
W02538,2022-07-14,5.286,0.404,0.02,0.059,0.01,,,Wetland Pool 33,10000.0,sample,,,41.02554333,-83.68254833,0.3428,3.5404,0.02,0.061,0.0216,0.404,5.286,0.02,0.059,0.01,P-33,1.0,23:1,778.1,10000.0,Summer,Crop_Season,Season_3
W03649,2023-06-14,1.14,0.1,0.02,0.0997,0.0188,,,Wetland Pool 33,10000.0,sample,,Dense tall veg,41.02543167,-83.68252833,0.3428,3.5404,0.02,0.061,0.0216,0.1,1.14,0.02,0.0997,0.0188,P-33,1.0,23:1,778.1,10000.0,Summer,Crop_Season,Season_5
W00242,2021-09-27,0.938,0.165,0.02,0.0465,0.059,,,Wetland Pool 33,10000.0,sample,,,41.02544057,-83.68251314,0.3428,3.5404,0.02,0.061,0.0216,0.165,0.938,0.02,0.0465,0.059,P-33,1.0,23:1,778.1,10000.0,Autumn,Crop_Season,Season_1
W02706,2022-09-21,7.08,0.831,0.02,0.05,0.01,,,Wetland Pool 33,10000.0,sample,,,41.02524667,-83.68240333,0.3428,3.5404,0.02,0.061,0.0216,0.831,7.08,0.02,0.05,0.01,P-33,1.0,23:1,778.1,10000.0,Autumn,Crop_Season,Season_3
W02616,2022-08-11,3.258247,0.214,0.02,0.05,0.01,,,Wetland Pool 33,10000.0,sample,,,41.02552833,-83.68259833,0.3428,3.5404,0.02,0.061,0.0216,0.214,3.2582,0.02,0.05,0.01,P-33,1.0,23:1,778.1,10000.0,Summer,Crop_Season,Season_3
W03648,2023-06-14,1.47,0.17,0.02,0.1032,0.01,,,Wetland Pool 34,15000.0,sample,,Extremely soft mucky uneven bottom. Moderate veg,41.02586167,-83.68226,0.1232,2.1979,0.0514,0.0671,0.01,0.17,1.47,0.02,0.1032,0.01,P-34,1.5,10:1,775.6,15000.0,Summer,Crop_Season,Season_5
W02822,2022-12-01,2.6,0.21,0.1416,0.05,0.01,,,Wetland Pool 34,15000.0,sample,,Ice,41.025795,-83.68270333,0.1232,2.1979,0.0514,0.0671,0.01,0.185,2.58,0.1735,0.05,0.01,P-34,1.5,10:1,775.6,15000.0,Winter,Non_Crop_Season,Season_4
W02821,2022-12-01,2.56,0.16,0.2054,0.05,0.01,,,Wetland Pool 34,15000.0,sample,,Ice,41.02593,-83.682375,0.1232,2.1979,0.0514,0.0671,0.01,0.185,2.58,0.1735,0.05,0.01,P-34,1.5,10:1,775.6,15000.0,Winter,Non_Crop_Season,Season_4
W03736,2023-07-25,,,0.02,0.086,0.01,,,Wetland Pool 34,15000.0,sample,,,41.02584167,-83.68247167,0.1232,2.1979,0.0514,0.0671,0.01,,,0.02,0.086,0.01,P-34,1.5,10:1,775.6,15000.0,Summer,Crop_Season,Season_5
W02615,2022-08-11,2.41134,0.117,0.0273,0.05,0.01,,,Wetland Pool 34,15000.0,sample,,,41.025715,-83.682415,0.1232,2.1979,0.0514,0.0671,0.01,0.117,2.4113,0.0273,0.05,0.01,P-34,1.5,10:1,775.6,15000.0,Summer,Crop_Season,Season_3
W02705,2022-09-21,2.63,0.123,0.02,0.05,0.01,,,Wetland Pool 34,15000.0,sample,,,41.02590667,-83.68239333,0.1232,2.1979,0.0514,0.0671,0.01,0.123,2.63,0.02,0.05,0.01,P-34,1.5,10:1,775.6,15000.0,Autumn,Crop_Season,Season_3
W03588,2023-04-18,0.9,0.11,0.02,0.1248,0.01,,,Wetland Pool 34,15000.0,sample,,,41.02591167,-83.68238833,0.1232,2.1979,0.0514,0.0671,0.01,0.11,0.9,0.02,0.1248,0.01,P-34,1.5,10:1,775.6,15000.0,Spring,Non_Crop_Season,Season_4
W00241,2021-09-27,1.024,0.028,0.02,0.0565,0.01,,,Wetland Pool 34,15000.0,sample,,,41.02588699,-83.68233629,0.1232,2.1979,0.0514,0.0671,0.01,0.028,1.024,0.02,0.0565,0.01,P-34,1.5,10:1,775.6,15000.0,Autumn,Crop_Season,Season_1
W02537,2022-07-14,3.466,0.091,0.02,0.0507,0.01,,,Wetland Pool 34,15000.0,sample,,,41.02589833,-83.68242333,0.1232,2.1979,0.0514,0.0671,0.01,0.091,3.466,0.02,0.0507,0.01,P-34,1.5,10:1,775.6,15000.0,Summer,Crop_Season,Season_3
W02769,2022-11-02,2.720043,0.1,0.02,0.05,0.01,,,Wetland Pool 34,15000.0,sample,,,41.02585167,-83.68227167,0.1232,2.1979,0.0514,0.0671,0.01,0.1,2.72,0.02,0.05,0.01,P-34,1.5,10:1,775.6,15000.0,Autumn,Non_Crop_Season,Season_4
W02768,2022-11-02,2.6414,0.152,0.02,0.05,0.01,,,Wetland Pool 35,26318.0,sample,,,41.02641667,-83.68311333,0.1419,1.9336,0.0392,0.061,0.017,0.152,2.6414,0.02,0.05,0.01,P-35,2.0,12:1 to 32:1,775.1,26318.0,Autumn,Non_Crop_Season,Season_4
W00238,2021-09-27,0.875,0.129,0.02,0.0573,0.0657,,,Wetland Pool 35,26318.0,sample,,,41.02641342,-83.68312695,0.1419,1.9336,0.0392,0.061,0.017,0.129,0.875,0.02,0.0573,0.0657,P-35,2.0,12:1 to 32:1,775.1,26318.0,Autumn,Crop_Season,Season_1
W03646,2023-06-14,1.26,0.12,0.02,0.116,0.01,,,Wetland Pool 35,26318.0,sample,,Mucky uneven bottom. Moderately vegetated. ,41.02649667,-83.68315667,0.1419,1.9336,0.0392,0.061,0.017,0.12,1.26,0.02,0.116,0.01,P-35,2.0,12:1 to 32:1,775.1,26318.0,Summer,Crop_Season,Season_5
W00399,2022-04-15,0.926,0.084,0.02,0.0463,0.01,,,Wetland Pool 35,26318.0,sample,,,41.02624333,-83.68290667,0.1419,1.9336,0.0392,0.061,0.017,0.084,0.926,0.02,0.0463,0.01,P-35,2.0,12:1 to 32:1,775.1,26318.0,Spring,Non_Crop_Season,Season_2
W02704,2022-09-21,1.3,0.054,0.02,0.05,0.01,,,Wetland Pool 35,26318.0,sample,,,41.02644333,-83.683135,0.1419,1.9336,0.0392,0.061,0.017,0.054,1.3,0.02,0.05,0.01,P-35,2.0,12:1 to 32:1,775.1,26318.0,Autumn,Crop_Season,Season_3
W02617,2022-08-11,2.314641,0.177,0.1732,0.05,0.01,,,Wetland Pool 35,26318.0,sample,,,41.02627167,-83.68305833,0.1419,1.9336,0.0392,0.061,0.017,0.177,2.3146,0.1732,0.05,0.01,P-35,2.0,12:1 to 32:1,775.1,26318.0,Summer,Crop_Season,Season_3
W02820,2022-12-01,3.1,0.28,0.02,0.05,0.01,,,Wetland Pool 35,26318.0,sample,,Ice ,41.02645667,-83.68310667,0.1419,1.9336,0.0392,0.061,0.017,0.28,3.1,0.02,0.05,0.01,P-35,2.0,12:1 to 32:1,775.1,26318.0,Winter,Non_Crop_Season,Season_4
W02534,2022-07-14,3.052,0.139,0.02,0.0682,0.01,,,Wetland Pool 35,26318.0,sample,,,41.026435,-83.683175,0.1419,1.9336,0.0392,0.061,0.017,0.139,3.052,0.02,0.0682,0.01,P-35,2.0,12:1 to 32:1,775.1,26318.0,Summer,Crop_Season,Season_3
W03645,2023-06-14,5.31,0.36,1.9395,0.5743,0.1759,,,Wetland Pool 36,5000.0,sample,,Moderate vegetation.  No flow. Puddles only. ,41.026755,-83.684405,0.2032,1.7152,0.4039,0.2164,0.0928,0.36,5.31,1.9395,0.5743,0.1759,P-36,0.5,27:1 to 35:1,776.8,5000.0,Summer,Crop_Season,Season_5
W00402,2022-04-15,1.202,0.194,0.02,0.0526,0.01,,,Wetland Pool 36,5000.0,sample,,,41.02667,-83.68387,0.2032,1.7152,0.4039,0.2164,0.0928,0.194,1.202,0.02,0.0526,0.01,P-36,0.5,27:1 to 35:1,776.8,5000.0,Spring,Non_Crop_Season,Season_2
W00237,2021-09-27,0.684,0.152,0.02,0.0579,0.1095,,,Wetland Pool 36,5000.0,sample,,,41.02660042,-83.68445825,0.2032,1.7152,0.4039,0.2164,0.0928,0.152,0.684,0.02,0.0579,0.1095,P-36,0.5,27:1 to 35:1,776.8,5000.0,Autumn,Crop_Season,Season_1
W02953,2023-02-23,0.71,0.29,0.02,0.2653,0.1586,,,Wetland Pool 36,5000.0,sample,,,41.02677,-83.68446333,0.2032,1.7152,0.4039,0.2164,0.0928,0.29,0.71,0.02,0.2653,0.1586,P-36,0.5,27:1 to 35:1,776.8,5000.0,Winter,Non_Crop_Season,Season_4
W03590,2023-04-18,0.67,0.02,0.02,0.132,0.01,,,Wetland Pool 36,5000.0,sample,,,41.026735,-83.68442,0.2032,1.7152,0.4039,0.2164,0.0928,0.02,0.67,0.02,0.132,0.01,P-36,0.5,27:1 to 35:1,776.8,5000.0,Spring,Non_Crop_Season,Season_4
W02535,2022-07-14,6.122,0.273,0.02,0.0692,0.01,,,Wetland Pool 37,10000.0,sample,,,41.02695667,-83.68210667,0.0912,2.1038,0.02,0.0872,0.0103,0.273,6.122,0.02,0.0692,0.01,P-37,1.0,10:1,776.4,10000.0,Summer,Crop_Season,Season_3
W00084,2021-07-30,1.955,0.074,0.02,0.171317,0.01,,,Wetland Pool 37,10000.0,replicate ,"We are noticing some scum on the top of this water, it is greenish in color. ",,41.026111,-83.681944,0.0912,2.1038,0.02,0.0872,0.0103,0.074,1.955,0.02,0.1713,0.01,P-37,1.0,10:1,776.4,10000.0,Summer,Crop_Season,Season_1
W00401,2022-04-15,0.643,0.036,0.02,0.0403,0.01,,,Wetland Pool 37,10000.0,sample,,,41.02690667,-83.68200167,0.0912,2.1038,0.02,0.0872,0.0103,0.036,0.643,0.02,0.0403,0.01,P-37,1.0,10:1,776.4,10000.0,Spring,Non_Crop_Season,Season_2
W00239,2021-09-27,1.169,0.053,0.02,0.0534,0.0116,,,Wetland Pool 37,10000.0,sample,,,41.0270377,-83.68223537,0.0912,2.1038,0.02,0.0872,0.0103,0.053,1.169,0.02,0.0534,0.0116,P-37,1.0,10:1,776.4,10000.0,Autumn,Crop_Season,Season_1
W03589,2023-04-18,0.63,0.02,0.02,0.1019,0.01,,,Wetland Pool 37,10000.0,sample,,,41.02690167,-83.68199833,0.0912,2.1038,0.02,0.0872,0.0103,0.02,0.63,0.02,0.1019,0.01,P-37,1.0,10:1,776.4,10000.0,Spring,Non_Crop_Season,Season_4
W00082,2021-07-30,1.246,0.047,0.02,0.158084,0.01,,,Wetland Pool 38,15000.0,replicate ,Pool is filled with sedge meadow mix but access is possible and growth is not as high as other pools. Water inundation surrounding the pool was not as bad as other pools,,41.026389,-83.681944,0.1672,2.4039,0.0379,0.0836,0.0366,0.047,1.246,0.02,0.1581,0.01,P-38,1.5,10:1,775.8,15000.0,Summer,Crop_Season,Season_1
W00240,2021-09-27,1.119,0.133,0.02,0.0566,0.0742,,,Wetland Pool 38,15000.0,sample,,,41.02656899,-83.68176523,0.1672,2.4039,0.0379,0.0836,0.0366,0.133,1.119,0.02,0.0566,0.0742,P-38,1.5,10:1,775.8,15000.0,Autumn,Crop_Season,Season_1
W03647,2023-06-14,1.99,0.26,0.02,0.1305,0.1057,,,Wetland Pool 38,15000.0,sample,,Moderate veg. Firm bottom.,41.026625,-83.68169667,0.1672,2.4039,0.0379,0.0836,0.0366,0.26,1.99,0.02,0.1305,0.1057,P-38,1.5,10:1,775.8,15000.0,Summer,Crop_Season,Season_5
W00400,2022-04-15,0.688,0.036,0.004,0.0433,0.01,,,Wetland Pool 38,15000.0,sample,,Isolated and well defined boundary,41.02655333,-83.68188833,0.1672,2.4039,0.0379,0.0836,0.0366,0.036,0.688,0.004,0.0433,0.01,P-38,1.5,10:1,775.8,15000.0,Spring,Non_Crop_Season,Season_2
W02536,2022-07-14,4.97,0.252,0.02,0.0631,0.01,,,Wetland Pool 38,15000.0,sample,,,41.02657333,-83.68182167,0.1672,2.4039,0.0379,0.0836,0.0366,0.252,4.97,0.02,0.0631,0.01,P-38,1.5,10:1,775.8,15000.0,Summer,Crop_Season,Season_3
W02614,2022-08-11,4.4102,0.275,0.1434,0.05,0.01,,,Wetland Pool 38,15000.0,sample,,Too shallow for PC measurements,41.02662,-83.68171167,0.1672,2.4039,0.0379,0.0836,0.0366,0.275,4.4102,0.1434,0.05,0.01,P-38,1.5,10:1,775.8,15000.0,Summer,Crop_Season,Season_3
W03739,2023-07-25,,,0.02,0.05,0.01,,,Wetland Pool 39,30000.0,sample,,,41.02396667,-83.68750167,0.1072,1.6055,0.0194,0.0572,0.013,,,0.02,0.05,0.01,P-39,1.5,15:1 to 65:1,775.8,30000.0,Summer,Crop_Season,Season_5
W00406,2022-04-15,0.548,0.025,0.0147,0.0255,0.01,,,Wetland Pool 39,30000.0,sample,,,41.02447333,-83.687055,0.1072,1.6055,0.0194,0.0572,0.013,0.025,0.548,0.0147,0.0255,0.01,P-39,1.5,15:1 to 65:1,775.8,30000.0,Spring,Non_Crop_Season,Season_2
W02816,2022-12-01,2.11,0.32,0.02,0.05,0.0121,,,Wetland Pool 39,30000.0,sample,,Icebreaking disturbed some sediment,41.02403667,-83.687345,0.1072,1.6055,0.0194,0.0572,0.013,0.32,2.11,0.02,0.05,0.0121,P-39,1.5,15:1 to 65:1,775.8,30000.0,Winter,Non_Crop_Season,Season_4
W02763,2022-11-02,2.426049,0.124,0.02,0.05,0.01,,,Wetland Pool 39,30000.0,sample,,,41.02410833,-83.68734333,0.1072,1.6055,0.0194,0.0572,0.013,0.124,2.426,0.02,0.05,0.01,P-39,1.5,15:1 to 65:1,775.8,30000.0,Autumn,Non_Crop_Season,Season_4
W02607,2022-08-11,1.921644,0.143,0.02,0.05,0.01,,,Wetland Pool 39,30000.0,sample,,,41.02411,-83.68771833,0.1072,1.6055,0.0194,0.0572,0.013,0.143,1.9216,0.02,0.05,0.01,P-39,1.5,15:1 to 65:1,775.8,30000.0,Summer,Crop_Season,Season_3
W02525,2022-07-14,2.687,0.075,0.02,0.05,0.01,,,Wetland Pool 39,30000.0,sample,,,41.02409167,-83.687305,0.1072,1.6055,0.0194,0.0572,0.013,0.075,2.687,0.02,0.05,0.01,P-39,1.5,15:1 to 65:1,775.8,30000.0,Summer,Crop_Season,Season_3
W03594,2023-04-18,0.51,0.03,0.02,0.1173,0.01,,,Wetland Pool 39,30000.0,sample,,,41.02416667,-83.68729333,0.1072,1.6055,0.0194,0.0572,0.013,0.03,0.51,0.02,0.1173,0.01,P-39,1.5,15:1 to 65:1,775.8,30000.0,Spring,Non_Crop_Season,Season_4
W00227,2021-09-27,1.291,0.074,0.02,0.0717,0.0225,,,Wetland Pool 39,30000.0,sample,,,41.02402001,-83.68734959,0.1072,1.6055,0.0194,0.0572,0.013,0.074,1.291,0.02,0.0717,0.0225,P-39,1.5,15:1 to 65:1,775.8,30000.0,Autumn,Crop_Season,Season_1
W02699,2022-09-21,1.35,0.067,0.02,0.05,0.022,,,Wetland Pool 39,30000.0,sample,,,41.02418,-83.68734333,0.1072,1.6055,0.0194,0.0572,0.013,0.067,1.35,0.02,0.05,0.022,P-39,1.5,15:1 to 65:1,775.8,30000.0,Autumn,Crop_Season,Season_3
W00232,2021-10-22,0.986,0.055,0.02,0.0762,0.01,,,Wetland Pool 40,126000.0,sample,,,41.02459111,-83.6852977,0.0881,1.3275,0.0246,0.0641,0.01,0.0452,0.996,0.0308,0.0754,0.01,P-40,2.0,10:1 to 75:1,775.2,126000.0,Autumn,Non_Crop_Season,Season_1
W02815,2022-12-01,1.61,0.2,0.0261,0.05,0.01,,,Wetland Pool 40,126000.0,sample,,Ice about one inch thick had to be broken. This disturbed the water somewhat to various degrees for all samples,41.02430667,-83.68568333,0.0881,1.3275,0.0246,0.0641,0.01,0.14,1.48,0.0418,0.05,0.01,P-40,2.0,10:1 to 75:1,775.2,126000.0,Winter,Non_Crop_Season,Season_4
W02541,2022-07-14,2.716,0.083,0.02,0.0521,0.01,,,Wetland Pool 40,126000.0,sample,,,41.024775,-83.68513833,0.0881,1.3275,0.0246,0.0641,0.01,0.083,2.716,0.02,0.0521,0.01,P-40,2.0,10:1 to 75:1,775.2,126000.0,Summer,Crop_Season,Season_3
W02567,2022-07-27,1.054626,0.024,0.0595,0.0227,0.01,,,Wetland Pool 40,126000.0,sample,,,41.02449167,-83.68529333,0.0881,1.3275,0.0246,0.0641,0.01,0.028,1.0999,0.0398,0.0297,0.01,P-40,2.0,10:1 to 75:1,775.2,126000.0,Summer,Crop_Season,Season_3
W02568,2022-07-27,1.145224,0.032,0.02,0.0367,0.01,,,Wetland Pool 40,126000.0,replicate,,,41.02449333,-83.68528333,0.0881,1.3275,0.0246,0.0641,0.01,0.028,1.0999,0.0398,0.0297,0.01,P-40,2.0,10:1 to 75:1,775.2,126000.0,Summer,Crop_Season,Season_3
W00398,2022-04-15,0.939,0.093,0.0212,0.0295,0.0107,,,Wetland Pool 40,126000.0,sample,,Merged with other pools. See separate video. ,41.02477667,-83.68503333,0.0881,1.3275,0.0246,0.0641,0.01,0.093,0.939,0.0212,0.0295,0.0107,P-40,2.0,10:1 to 75:1,775.2,126000.0,Spring,Non_Crop_Season,Season_2
W00230,2021-09-27,1.039,0.041,0.02,0.0807,0.01,,,Wetland Pool 40,126000.0,sample,,,41.0245559,-83.68602407,0.0881,1.3275,0.0246,0.0641,0.01,0.041,1.039,0.02,0.0807,0.01,P-40,2.0,10:1 to 75:1,775.2,126000.0,Autumn,Crop_Season,Season_1
W02799,2022-11-17,1.615372,0.1,0.02,0.0934,0.01,,,Wetland Pool 40,126000.0,replicate,,,41.02425167,-83.68597833,0.0881,1.3275,0.0246,0.0641,0.01,0.1037,1.6803,0.02,0.0955,0.01,P-40,2.0,10:1 to 75:1,775.2,126000.0,Autumn,Non_Crop_Season,Season_4
W02824,2022-12-01,1.35,0.08,0.0575,0.05,0.01,,,Wetland Pool 40,126000.0,sample,,Ice,41.024725,-83.68519667,0.0881,1.3275,0.0246,0.0641,0.01,0.14,1.48,0.0418,0.05,0.01,P-40,2.0,10:1 to 75:1,775.2,126000.0,Winter,Non_Crop_Season,Season_4
W02798,2022-11-17,1.591444,0.094,0.02,0.1049,0.01,,,Wetland Pool 40,126000.0,sample,,,41.02424,-83.68598,0.0881,1.3275,0.0246,0.0641,0.01,0.1037,1.6803,0.02,0.0955,0.01,P-40,2.0,10:1 to 75:1,775.2,126000.0,Autumn,Non_Crop_Season,Season_4
W00086,2021-07-30,1.379,0.044,0.02,0.159463,0.01,,,Wetland Pool 40,126000.0,replicate ,"The edges of this pool have some green scum, water extends past the vegetation about 10 feet. ",,41.024722,-83.685,0.0881,1.3275,0.0246,0.0641,0.01,0.044,1.379,0.02,0.1595,0.01,P-40,2.0,10:1 to 75:1,775.2,126000.0,Summer,Crop_Season,Season_1
W02797,2022-11-17,1.834232,0.117,0.02,0.0882,0.01,,,Wetland Pool 40,126000.0,sample,,,41.02458833,-83.68528833,0.0881,1.3275,0.0246,0.0641,0.01,0.1037,1.6803,0.02,0.0955,0.01,P-40,2.0,10:1 to 75:1,775.2,126000.0,Autumn,Non_Crop_Season,Season_4
W02762,2022-11-02,2.159811,0.478,0.02,0.05,0.01,,,Wetland Pool 40,126000.0,sample,,,41.02420333,-83.68637,0.0881,1.3275,0.0246,0.0641,0.01,0.328,2.0489,0.02,0.05,0.01,P-40,2.0,10:1 to 75:1,775.2,126000.0,Autumn,Non_Crop_Season,Season_4
W03741,2023-07-25,,,0.02,0.05,0.01,,,Wetland Pool 40,126000.0,sample,,,41.02455167,-83.685265,0.0881,1.3275,0.0246,0.0641,0.01,,,0.02,0.05,0.01,P-40,2.0,10:1 to 75:1,775.2,126000.0,Summer,Crop_Season,Season_5
W02603,2022-08-11,1.361811,0.02,0.02,0.05,0.01,,,Wetland Pool 40,126000.0,sample,,,41.02447333,-83.68528667,0.0881,1.3275,0.0246,0.0641,0.01,0.02,1.3618,0.02,0.05,0.01,P-40,2.0,10:1 to 75:1,775.2,126000.0,Summer,Crop_Season,Season_3
W00233,2021-10-22,0.993,0.045,0.02,0.0652,0.01,,,Wetland Pool 40,126000.0,sample,,,41.0249408,-83.68600446,0.0881,1.3275,0.0246,0.0641,0.01,0.0452,0.996,0.0308,0.0754,0.01,P-40,2.0,10:1 to 75:1,775.2,126000.0,Autumn,Non_Crop_Season,Season_1
W02761,2022-11-02,1.93792,0.178,0.02,0.05,0.01,,,Wetland Pool 40,126000.0,sample,,,41.02453667,-83.6853,0.0881,1.3275,0.0246,0.0641,0.01,0.328,2.0489,0.02,0.05,0.01,P-40,2.0,10:1 to 75:1,775.2,126000.0,Autumn,Non_Crop_Season,Season_4
W00235,2021-10-22,0.98,0.043,0.02,0.0428,0.01,,,Wetland Pool 40,126000.0,sample,,,41.02408627,-83.68646655,0.0881,1.3275,0.0246,0.0641,0.01,0.0452,0.996,0.0308,0.0754,0.01,P-40,2.0,10:1 to 75:1,775.2,126000.0,Autumn,Non_Crop_Season,Season_1
W00289,2021-12-01,1.071,0.05,0.02,0.0644,0.01,,,Wetland Pool 40,126000.0,sample,Pool 40 at sonde location,,41.02443525,-83.68538582,0.0881,1.3275,0.0246,0.0641,0.01,0.0485,1.072,0.02,0.0464,0.01,P-40,2.0,10:1 to 75:1,775.2,126000.0,Winter,Non_Crop_Season,Season_2
W00234,2021-10-22,1.025,0.038,0.0634,0.1173,0.01,,,Wetland Pool 40,126000.0,sample,,,41.02458436,-83.68601259,0.0881,1.3275,0.0246,0.0641,0.01,0.0452,0.996,0.0308,0.0754,0.01,P-40,2.0,10:1 to 75:1,775.2,126000.0,Autumn,Non_Crop_Season,Season_1
W03641,2023-06-07,1.21,0.07,0.02,0.05,0.01,,,Wetland Pool 40,126000.0,sample,,East side near sond.,41.02453167,-83.68526667,0.0881,1.3275,0.0246,0.0641,0.01,0.0767,1.2533,0.02,0.05,0.01,P-40,2.0,10:1 to 75:1,775.2,126000.0,Summer,Crop_Season,Season_5
W03595,2023-04-18,1.21,0.14,0.02,0.1337,0.01,,,Wetland Pool 40,126000.0,sample,,,41.02452667,-83.68529667,0.0881,1.3275,0.0246,0.0641,0.01,0.14,1.21,0.02,0.1337,0.01,P-40,2.0,10:1 to 75:1,775.2,126000.0,Spring,Non_Crop_Season,Season_4
W03642,2023-06-07,1.32,0.08,0.02,0.05,0.01,,,Wetland Pool 40,126000.0,replicate,,,41.02452,-83.68524167,0.0881,1.3275,0.0246,0.0641,0.01,0.0767,1.2533,0.02,0.05,0.01,P-40,2.0,10:1 to 75:1,775.2,126000.0,Summer,Crop_Season,Season_5
W03643,2023-06-07,1.23,0.08,0.02,0.05,0.01,,,Wetland Pool 40,126000.0,replicate,,,41.02452,-83.68524333,0.0881,1.3275,0.0246,0.0641,0.01,0.0767,1.2533,0.02,0.05,0.01,P-40,2.0,10:1 to 75:1,775.2,126000.0,Summer,Crop_Season,Season_5
W02697,2022-09-21,1.19,0.056,0.02,0.05,0.01,,,Wetland Pool 40,126000.0,sample,,,41.02455167,-83.68530833,0.0881,1.3275,0.0246,0.0641,0.01,0.056,1.19,0.02,0.05,0.01,P-40,2.0,10:1 to 75:1,775.2,126000.0,Autumn,Crop_Season,Season_3
W00290,2021-12-01,1.073,0.047,0.02,0.0285,0.01,,,Wetland Pool 40,126000.0,replicate,Pool 40 near sonde,,41.02443535,-83.68538192,0.0881,1.3275,0.0246,0.0641,0.01,0.0485,1.072,0.02,0.0464,0.01,P-40,2.0,10:1 to 75:1,775.2,126000.0,Winter,Non_Crop_Season,Season_2
W00480,2022-06-15,0.94,0.047,0.02,0.05,0.01,,,Wetland Pool 40,126000.0,replicate,,,41.02473667,-83.68510167,0.0881,1.3275,0.0246,0.0641,0.01,0.045,0.91,0.02,0.05,0.01,P-40,2.0,10:1 to 75:1,775.2,126000.0,Summer,Crop_Season,Season_3
W00479,2022-06-15,0.88,0.043,0.02,0.05,0.01,,,Wetland Pool 40,126000.0,sample,,,41.024735,-83.68510167,0.0881,1.3275,0.0246,0.0641,0.01,0.045,0.91,0.02,0.05,0.01,P-40,2.0,10:1 to 75:1,775.2,126000.0,Summer,Crop_Season,Season_3
W00231,2021-09-27,1.18,0.185,0.02,0.0627,0.0577,,,Wetland Pool 41,10000.0,sample,,,41.02517453,-83.68597018,0.5688,5.7608,0.02,0.0616,0.0219,0.185,1.18,0.02,0.0627,0.0577,P-41,1.0,12:1 to 71:1,776.1,10000.0,Autumn,Crop_Season,Season_1
W02530,2022-07-14,10.538,0.955,0.02,0.0837,0.01,,,Wetland Pool 41,10000.0,sample,,,41.02541167,-83.68574,0.5688,5.7608,0.02,0.0616,0.0219,0.955,10.538,0.02,0.0837,0.01,P-41,1.0,12:1 to 71:1,776.1,10000.0,Summer,Crop_Season,Season_3
W02701,2022-09-21,7.21,1.0,0.02,0.05,0.01,,,Wetland Pool 41,10000.0,sample,,,41.02517,-83.686015,0.5688,5.7608,0.02,0.0616,0.0219,1.0,7.21,0.02,0.05,0.01,P-41,1.0,12:1 to 71:1,776.1,10000.0,Autumn,Crop_Season,Season_3
W02610,2022-08-11,4.115015,0.135,0.02,0.05,0.01,,,Wetland Pool 41,10000.0,sample,,,41.02525333,-83.685945,0.5688,5.7608,0.02,0.0616,0.0219,0.135,4.115,0.02,0.05,0.01,P-41,1.0,12:1 to 71:1,776.1,10000.0,Summer,Crop_Season,Season_3
W03737,2023-07-25,,,0.02,0.05,0.01,,,Wetland Pool 42,15000.0,sample,,,41.02611833,-83.68465833,0.3547,3.3047,0.0265,0.0769,0.0256,,,0.02,0.05,0.01,P-42,1.5,15:1 to 32:1,775.5,15000.0,Summer,Crop_Season,Season_5
W02703,2022-09-21,2.48,0.134,0.02,0.05,0.01,,,Wetland Pool 42,15000.0,sample,,,41.02603,-83.68476167,0.3547,3.3047,0.0265,0.0769,0.0256,0.134,2.48,0.02,0.05,0.01,P-42,1.5,15:1 to 32:1,775.5,15000.0,Autumn,Crop_Season,Season_3
W00403,2022-04-15,1.0,0.071,0.0122,0.0514,0.01,,,Wetland Pool 42,15000.0,sample,,Merged with 31,41.026155,-83.684495,0.3547,3.3047,0.0265,0.0769,0.0256,0.071,1.0,0.0122,0.0514,0.01,P-42,1.5,15:1 to 32:1,775.5,15000.0,Spring,Non_Crop_Season,Season_2
W02767,2022-11-02,4.493897,0.343,0.02,0.05,0.01,,,Wetland Pool 42,15000.0,sample,,,41.026035,-83.684735,0.3547,3.3047,0.0265,0.0769,0.0256,0.343,4.4939,0.02,0.05,0.01,P-42,1.5,15:1 to 32:1,775.5,15000.0,Autumn,Non_Crop_Season,Season_4
W03591,2023-04-18,0.83,0.05,0.0857,0.1208,0.01,,,Wetland Pool 42,15000.0,sample,,,41.02622667,-83.68478667,0.3547,3.3047,0.0265,0.0769,0.0256,0.05,0.83,0.0857,0.1208,0.01,P-42,1.5,15:1 to 32:1,775.5,15000.0,Spring,Non_Crop_Season,Season_4
W02819,2022-12-01,5.35,0.51,0.02,0.05,0.01,,,Wetland Pool 42,15000.0,sample,,Ice,41.02604167,-83.68470833,0.3547,3.3047,0.0265,0.0769,0.0256,0.51,5.35,0.02,0.05,0.01,P-42,1.5,15:1 to 32:1,775.5,15000.0,Winter,Non_Crop_Season,Season_4
W00236,2021-09-27,0.627,0.051,0.02,0.0462,0.0214,,,Wetland Pool 42,15000.0,sample,,,41.02605173,-83.68478676,0.3547,3.3047,0.0265,0.0769,0.0256,0.051,0.627,0.02,0.0462,0.0214,P-42,1.5,15:1 to 32:1,775.5,15000.0,Autumn,Crop_Season,Season_1
W03644,2023-06-14,2.08,0.19,0.04,0.1488,0.01,,,Wetland Pool 42,15000.0,sample,,No flow from tile. Lots of dense vegetation mucky uneven bottom ,41.02621667,-83.684715,0.3547,3.3047,0.0265,0.0769,0.0256,0.19,2.08,0.04,0.1488,0.01,P-42,1.5,15:1 to 32:1,775.5,15000.0,Summer,Crop_Season,Season_5
W02955,2023-02-23,1.11,0.32,0.02,0.1092,0.1044,,,Wetland Pool 42,15000.0,sample,,,41.02624333,-83.68481,0.3547,3.3047,0.0265,0.0769,0.0256,0.35,1.445,0.0202,0.1112,0.098,P-42,1.5,15:1 to 32:1,775.5,15000.0,Winter,Non_Crop_Season,Season_4
W02954,2023-02-23,1.78,0.38,0.0204,0.1132,0.0915,,,Wetland Pool 42,15000.0,sample,,,41.02625667,-83.68469833,0.3547,3.3047,0.0265,0.0769,0.0256,0.35,1.445,0.0202,0.1112,0.098,P-42,1.5,15:1 to 32:1,775.5,15000.0,Winter,Non_Crop_Season,Season_4
W02532,2022-07-14,13.304,1.655,0.02,0.0834,0.01,,,Wetland Pool 42,15000.0,sample,,,41.02595667,-83.68474,0.3547,3.3047,0.0265,0.0769,0.0256,1.655,13.304,0.02,0.0834,0.01,P-42,1.5,15:1 to 32:1,775.5,15000.0,Summer,Crop_Season,Season_3
W02613,2022-08-11,3.296577,0.198,0.02,0.05,0.01,,,Wetland Pool 42,15000.0,sample,,,41.02596833,-83.684765,0.3547,3.3047,0.0265,0.0769,0.0256,0.198,3.2966,0.02,0.05,0.01,P-42,1.5,15:1 to 32:1,775.5,15000.0,Summer,Crop_Season,Season_3
W00243,2021-09-27,0.511,0.034,0.0216,0.0529,0.01,,,Wetland Pool 43,10000.0,sample,,,41.02602689,-83.68331797,0.1317,4.115,0.1407,1.8257,0.01,0.034,0.511,0.0216,0.0529,0.01,P-43,1.0,13:1 to 32:1,776.2,10000.0,Autumn,Crop_Season,Season_1
W02707,2022-09-21,13.07,0.062,0.6932,10.4724,0.01,,,Wetland Pool 43,10000.0,sample,,,41.026,-83.68342,0.1317,4.115,0.1407,1.8257,0.01,0.062,13.07,0.6932,10.4724,0.01,P-43,1.0,13:1 to 32:1,776.2,10000.0,Autumn,Crop_Season,Season_3
W03587,2023-04-18,0.82,0.04,0.02,0.218,0.01,,,Wetland Pool 43,10000.0,sample,,,41.02600167,-83.68352167,0.1317,4.115,0.1407,1.8257,0.01,0.04,0.82,0.02,0.218,0.01,P-43,1.0,13:1 to 32:1,776.2,10000.0,Spring,Non_Crop_Season,Season_4
W02533,2022-07-14,3.966,0.165,0.02,0.0727,0.01,,,Wetland Pool 43,10000.0,sample,,,41.02607333,-83.68343667,0.1317,4.115,0.1407,1.8257,0.01,0.165,3.966,0.02,0.0727,0.01,P-43,1.0,13:1 to 32:1,776.2,10000.0,Summer,Crop_Season,Season_3
W03650,2023-06-14,1.21,0.05,0.02,0.0882,0.01,,,Wetland Pool 43,10000.0,sample,,Minimal vegetation. Algae present,41.026145,-83.68338,0.1317,4.115,0.1407,1.8257,0.01,0.05,1.21,0.02,0.0882,0.01,P-43,1.0,13:1 to 32:1,776.2,10000.0,Summer,Crop_Season,Season_5
W02618,2022-08-11,5.113014,0.439,0.0693,0.05,0.01,,,Wetland Pool 43,10000.0,sample,,Too shallow for PC measurements,41.02604,-83.683505,0.1317,4.115,0.1407,1.8257,0.01,0.439,5.113,0.0693,0.05,0.01,P-43,1.0,13:1 to 32:1,776.2,10000.0,Summer,Crop_Season,Season_3
