sampleID,visitDate,TN,TP,disNH4,disNO3,disPO4,TDN,TDP,locName,Pool Volume (cu ft)_x,samp_type,notes,samp_notes,y_x,x_x,Totall_Mean_TP,Totall_Mean_TN,Totall_Mean_disNH4,Totall_Mean_disNO3,Totall_Mean_disPO4,Visit_Mean_TP,Visit_Mean_TN,Visit_Mean_disNH4,Visit_Mean_disNO3,Visit_Mean_disPO4,Max Depth  (ft),Slope Range,Bottom Deviation of wetland,y_y,x_y,Pool Volume (cu ft)_y,season
W00043,5/27/2021,3.365,0.598,0.138,0,0.133,2.233,0.249,Wetland Pool 25,15000,sample,"Pool was full with water, no flow, cloudiest water of the pools we had sampled so far, was shallow near the south west end and had many frogs and tadpoles, had been sprayed with seed",,41.0239,-83.68451,0.1818571428571428,1.4995155714285713,0.022671429,0.038657143,0.025885714,0.598,3.365,0.138,0,0.133,1.5,16:1 to 19:1,775.8,41.02286167,-83.683685,15000,Spring
W00044,5/27/2021,0.724,0.036,0.058,0,0,1.142,0.027,Wetland Pool 22,15000,sample,"Pool was full with water, no vegetation directly around or in pool, it had not yet been planted with seed.",,41.0239,-83.6873,0.1783333333333333,1.7066666666666663,0.017166667,0.1381508333333333,0.025966667,0.036,0.724,0.058,0,0,1.5,10:01,775.7,41.02496833,-83.68720333,15000,Spring
W00045,5/27/2021,1.184,0.055,0.272,0.565,0.017,1.117,0.031,Wetland Pool 1,353316,sample,"Pool was mostly filled with water, but had been more full in the past. Water level did not extend past the dry island to the west of the pool. This can be considered a floodplain wetland",,41.0243,-83.6968,0.1256086956521739,1.4951467173913042,0.062869388,0.296505694,0.006269388,0.0605,1.169,0.24,0.564,0.0215,6,14:1 to 35:1,770,41.0243,-83.6968,353316,Spring
W00046,5/27/2021,1.154,0.066,0.208,0.563,0.026,1.078,0.061,Wetland Pool 1,353316,sample,"Pool was full but there was no flowing water, Aurand run was not flooded past the rock barrier so there was not flow from Aurand run at the time",,41.0239,-83.6963,0.1256086956521739,1.4951467173913042,0.062869388,0.296505694,0.006269388,0.0605,1.169,0.24,0.564,0.0215,6,14:1 to 35:1,770,41.0243,-83.6968,353316,Spring
W00047,5/27/2021,0.957,0.06,0.059,0,0.01,0.896,0.043,Wetland Pool 3,5050,sample,"This pool was full and detritus could be found on the surface, there was more vegitation than other pools found within the pool",,41.0234,-83.6951,0.054333333,0.7703333333333333,0.029666667,0.041666667,0.009,0.0585,0.8734999999999999,0.0445,0,0.0135,0.5,10:01,775,41.0232,-83.6947,5050,Spring
W00048,5/27/2021,0.79,0.057,0.03,0,0.017,0.943,0.05,Wetland Pool 3,5050,sample,"This pool was full and detritus could be found on the surface, there was more vegitation than other pools found within the pool",,41.0232,-83.6947,0.054333333,0.7703333333333333,0.029666667,0.041666667,0.009,0.0585,0.8734999999999999,0.0445,0,0.0135,0.5,10:01,775,41.0232,-83.6947,5050,Spring
W00049,5/27/2021,1.107,0.098,0.031,0,0,1.092,0.055,Wetland Pool 2,7383,sample,This pool was full of water,,41.0239,-83.6946,0.2728333333333333,2.7486666666666664,0.010666667,0.0876985,0.011702667,0.0985,1.115,0.032,0,0,0.5,10:01,774.8,41.0239,-83.6946,7383,Spring
W00050,5/27/2021,1.123,0.099,0.033,0,0,1.049,0.056,Wetland Pool 2,7383,sample,"This pool was full of water --> sample was weighed down too much in refridgerator and spilled, so it is all gone (discovered 06-17-2021)",,41.0242,-83.6951,0.2728333333333333,2.7486666666666664,0.010666667,0.0876985,0.011702667,0.0985,1.115,0.032,0,0,0.5,10:01,774.8,41.0239,-83.6946,7383,Spring
W00051,5/27/2021,0.8,0.108,0.122,0.01,0.169,0.692,0.064,Wetland Pool 18,19452,sample,This pool was full of water,,41.024038,-83.689883,0.099846154,1.4081614615384614,0.0448,0.064869214,0.014614286,0.108,0.8,0.122,0.01,0.169,2,12:1 to 19:1,774.8,41.02404667,-83.68998833,19452,Spring
W00052,5/27/2021,0.833,0.072,0.075,0,0,0.781,0.022,Wetland Pool 14,4000,sample,This pool was full of water and had been sprayed with seed previously so plants were sprouting.,,41.024265,-83.690516,0.28025,2.42825,0.0313,0.2106667499999999,0.009775,0.072,0.833,0.075,0,0,1,10:01,775.7,41.02388167,-83.69051667,4000,Spring
W00063,7/30/2021,0.762,0.022,0,0.406124,0,,,Aurand Run downstream,,sample ,"Access Aurand ran off County Road nine large drainage pipe leading into Aurand run. Water is flowing west. Sample taken from center of stream. Both filtered and unfiltered water samples taken. o sediment samples taken because this location on Aurand run is bedrock. The water measurements for this sample can also be used for 63. Tons of vegetation around this access point. We sample directly under the highway. Flow is coming from Aurand run itself, the tile connection at this point looks dry. Velocity of water flow is 0.29 m/s at depth of 0.12 m. At 0.17 m it is the same and at 0.07 m, so it is independent of depth. ",,41.023889,-83.698333,0.016545455,1.75824,0.024125,1.3299103333333333,0.002091667,0.022,0.762,0,0.406124,0,,,,,,,Summer
W00065,7/30/2021,2.485,0.113,0,0.172362,0,,,Wetland Pool 1,353316,sample ,"Tons of vegetation around pool, as high as my head. Depth increases rapidly once entering the pool. The line where the pool begins is not clear, the water extends into the vegetation. ",,41.024167,-83.696667,0.1256086956521739,1.4951467173913042,0.062869388,0.296505694,0.006269388,0.109,2.412,0,0.1712894999999999,0,6,14:1 to 35:1,770,41.0243,-83.6968,353316,Summer
W00067,7/30/2021,0.757,0.011,0,0.378045,0,,,Aurand Run connection to P1,,sample ,Aurand run appeared to be flowing slowly and calmly. Was not backing up into pool 1. Flow here was .13 m/s. ,,41.023611,-83.695834,0.053363636,2.7123605454545454,0.046836364,2.1385950000000005,0.021063636,0.011,0.757,0,0.378045,0,,,,,,,Summer
W00069,7/30/2021,2.339,0.105,0,0.170217,0,,,Wetland Pool 1,353316,sample,"Vegetation was grown into the pool so it is a very undefined edge. The samples were taken directly inside the end of the vegetation. No soil sample taken at this site, whole area was flooded ",,41.024167,-83.695833,0.1256086956521739,1.4951467173913042,0.062869388,0.296505694,0.006269388,0.109,2.412,0,0.1712894999999999,0,6,14:1 to 35:1,770,41.0243,-83.6968,353316,Summer
W00071,7/30/2021,1.972,0.152,0,0.188591,0.054216,,,Wetland Pool 2,7383,sample ,,,41.024167,-83.695,0.2728333333333333,2.7486666666666664,0.010666667,0.0876985,0.011702667,0.152,1.972,0,0.188591,0.054216,0.5,10:01,774.8,41.0239,-83.6946,7383,Summer
W00074,7/30/2021,1.004,0.054,0,0.166595,0,,,Wetland Pool 20,5000,replicate ,"Width of pool was not possible, this pool is almost completely filled with foliage that is over 5 ft tall. Thereâ€™s plenty of standing water around the pool, we are accessing the pool from the south end. Even though there was lots of vegetation, once in the middle of the pool, the water was pretty shallow and easy to walk through ",,41.023611,-83.688056,0.0895,0.2476249999999999,0.002225,0.060101631,0.05786875,0.054,1.004,0,0.166595,0,0.5,24:01:00,776.8,41.02360333,-83.68796667,5000,Summer
W00076,7/30/2021,1.176,0.084,0,0.164269,0,,,Wetland Pool 18,19452,replicate ,,,41.023611,-83.689722,0.099846154,1.4081614615384614,0.0448,0.064869214,0.014614286,0.084,1.176,0,0.164269,0,2,12:1 to 19:1,774.8,41.02404667,-83.68998833,19452,Summer
W00078,7/30/2021,1.613,0.08,0,0.681067,0,,,Wetland Pool 14,4000,replicate ,Southeast corner of pool ,,41.024444,-83.689722,0.28025,2.42825,0.0313,0.2106667499999999,0.009775,0.08,1.613,0,0.681067,0,1,10:01,775.7,41.02388167,-83.69051667,4000,Summer
W00080,7/30/2021,0.941,0.042,0,0.158405,0,,,Wetland Pool 22,15000,replicate ,"Much vegetation In this area, very muddy. ",,41.024722,-83.687222,0.1783333333333333,1.7066666666666663,0.017166667,0.1381508333333333,0.025966667,0.042,0.941,0,0.158405,0,1.5,10:01,775.7,41.02496833,-83.68720333,15000,Summer
W00082,7/30/2021,1.246,0.047,0,0.158084,0,,,Wetland Pool 38,15000,replicate ,Pool is filled with sedge meadow mix but access is possible and growth is not as high as other pools. Water inundation surrounding the pool was not as bad as other pools,,41.026389,-83.681944,0.1671666666666666,2.4038666666666666,0.024566667,0.075264,0.029983333,0.047,1.246,0,0.158084,0,1.5,10:01,775.8,41.02657333,-83.68182167,15000,Summer
W00084,7/30/2021,1.955,0.074,0,0.171317,0,,,Wetland Pool 37,10000,replicate ,"We are noticing some scum on the top of this water, it is greenish in color. ",,41.026111,-83.681944,0.0912,2.1038,0,0.0872234,0.00232,0.074,1.955,0,0.171317,0,1,10:01,776.4,41.02695667,-83.68210667,10000,Summer
W00086,7/30/2021,1.379,0.044,0,0.159463,0,,,Wetland Pool 40,126000,replicate ,"The edges of this pool have some green scum, water extends past the vegetation about 10 feet. ",,41.024722,-83.685,0.088074074,1.3274607407407406,0.008132143,0.042705821,0.000382143,0.044,1.379,0,0.159463,0,2,10:1 to 75:1,775.2,41.024775,-83.68513833,126000,Summer
W00144,8/27/2021,0.817,0,0.0413,0.0979,0,,,Aurand Run upstream,,sample,Flow in deeper pool 0.013 m/s in narrow section ~3 ft wide: ~0.1 m/s,,41.0194289,-83.68823689,0.017333333,3.079126,0.07269,2.2705100000000003,0.00236,0,0.817,0.0413,0.0979,0,,,,,,,Summer
W00145,8/27/2021,1.509,0.018,0.0144,0.1609,0.0573,,,Aurand Run connection to P1,,sample,,,41.02349886,-83.69613139,0.053363636,2.7123605454545454,0.046836364,2.1385950000000005,0.021063636,0.018,1.509,0.0144,0.1609,0.0573,,,,,,,Summer
W00146,8/27/2021,0.982,0.022,0,0.1214,0,,,Aurand Run downstream,,sample,,,41.02381243,-83.69830105,0.016545455,1.75824,0.024125,1.3299103333333333,0.002091667,0.022,0.982,0,0.1214,0,,,,,,,Summer
W00147,8/27/2021,3.237,0.182,0,0,0,,,Wetland Pool 1,353316,sample,This is deepest pool,,41.02413249,-83.69677361,0.1256086956521739,1.4951467173913042,0.062869388,0.296505694,0.006269388,0.3155,4.156000000000001,0,0.039,0.00065,6,14:1 to 35:1,770,41.0243,-83.6968,353316,Summer
W00148,8/27/2021,5.075,0.449,0,0.078,0.0013,,,Wetland Pool 1,353316,sample,This was originally identified as P2 but GIS coordinates show it is instead a small pool that is part of the larger area of P1. Nearly full of vegetation,,41.02448432,-83.69568438,0.1256086956521739,1.4951467173913042,0.062869388,0.296505694,0.006269388,0.3155,4.156000000000001,0,0.039,0.00065,6,14:1 to 35:1,770,41.0243,-83.6968,353316,Summer
W00149,8/27/2021,2.536,0.142,0.1956,0,0.0323,,,Wetland Pool 4,49146,sample,Very large pool,,41.02356336,-83.69422241,0.1516363636363636,1.877506818181818,0.03235,0.069175,0.007766667,0.142,2.536,0.1956,0,0.0323,2,16:1 to 52:1,773.7,41.02356336,-83.69422241,49146,Summer
W00150,8/27/2021,5.152,0.268,0.2551,0.05,0.0176,,,Wetland Pool 5,4000,sample,,,41.02322762,-83.69357667,0.3196666666666667,3.705,0.085033333,0.0566,0.005866667,0.268,5.152,0.2551,0.05,0.0176,1,10:01,775,41.02322762,-83.69357667,4000,Summer
W00151,8/27/2021,5.332,0.69,0,0.1556,0,,,Wetland Pool 2,7383,sample,"Not sure this is P6-It's not, it's P2. This assignment was changed based on GIS coordinates.",,41.02421124,-83.69477386,0.2728333333333333,2.7486666666666664,0.010666667,0.0876985,0.011702667,0.69,5.332,0,0.1556,0,0.5,10:01,774.8,41.0239,-83.6946,7383,Summer
W00152,8/27/2021,2.134,0.154,0,0.0504,0,,,Wetland Pool 7,9620,sample,Shallow and full of vegetation,,41.0241892,-83.69267402,0.091,1.3904999999999998,0,0.08605,0,0.154,2.134,0,0.0504,0,1,10:01,775,41.02391667,-83.6928,9620,Summer
W00153,8/27/2021,2.463,0.15,0,0,0.0772,,,Wetland Pool 8,6000,sample,Green moss on surface. Different from other pools,,41.02369391,-83.69275566,0.3268333333333333,2.8573513333333334,0.2026833333333333,0.075016667,0.045716667,0.15,2.463,0,0,0.0772,1.5,10:01,774.5,41.02390667,-83.69276833,6000,Summer
W00154,8/27/2021,3.474,0.444,0,0.0503,0,,,Wetland Pool 9,52478,sample,Unfiltered ,,41.02315881,-83.69262599,0.2299999999999999,2.2430332,0.0502,0.062281818,0.001536364,0.444,3.474,0,0.0503,0,2,12:1 to 26:1,774.1,41.023555,-83.69244,52478,Summer
W00155,8/27/2021,2.965,0.128,0,0,0,,,Wetland Pool 11,4000,sample,Unfiltered ,,41.02355343,-83.69212492,0.1186666666666666,1.515,0,0.092733333,0.011133333,0.128,2.965,0,0,0,1,10:01,775.4,41.02361667,-83.69210667,4000,Summer
W00156,8/27/2021,1.953,0.159,0,0.0564,0,,,Wetland Pool 12,12750,sample,Unfiltered. Some green miss like previous pool. ,,41.02409838,-83.69212031,0.3658888888888889,3.307778,0.1328888888888889,0.079488889,0.003288889,0.159,1.953,0,0.0564,0,1.5,12:1 to 48:1,774.9,41.02406,-83.69191667,12750,Summer
W00157,8/27/2021,2.712,0.157,0,0.0616,0,,,Wetland Pool 15,19500,sample,Unfiltered ,,41.02321601,-83.69100753,0.159,2.1286666666666667,0.022333333,0.061633333,0.0076,0.157,2.712,0,0.0616,0,1.5,16:01,775.4,41.02324,-83.69115,19500,Summer
W00158,8/27/2021,1.858,0.157,0,0.0278,0,,,Wetland Pool 16,4000,sample,Unfiltered ,,41.02300081,-83.69078156,0.1,1.3365,0,0.04125,0,0.157,1.858,0,0.0278,0,1,10:01,775.8,41.02307667,-83.69081667,4000,Summer
W00159,8/27/2021,1.789,0.077,0,0.0629,0,,,Wetland Pool 18,19452,sample,"Chad says this has always been different, muddier, no vegetation in center even though it is shallow, no apparent reason. Unfiltered ",,41.02370707,-83.68975771,0.099846154,1.4081614615384614,0.0448,0.064869214,0.014614286,0.077,1.789,0,0.0629,0,2,12:1 to 19:1,774.8,41.02404667,-83.68998833,19452,Summer
W00160,8/27/2021,0.124,0.078,0,0.0246,0,,,Wetland Pool 19,11124,sample,Large open water area no green moss unfiltered ,,41.02319657,-83.69016222,0.1765555555555555,2.048147888888889,0.074633333,0.067111111,0.001611111,0.078,0.124,0,0.0246,0,1.5,14:1 to 36:1,775.6,41.0231,-83.69028833,11124,Summer
W00224,9/27/2021,0.794,0.077,0,0.0721,0.0269,,,Wetland Pool 25,15000,sample,,,41.02390098,-83.68448909,0.1818571428571428,1.4995155714285713,0.022671429,0.038657143,0.025885714,0.077,0.794,0,0.0721,0.0269,1.5,16:1 to 19:1,775.8,41.02286167,-83.683685,15000,Autumn
W00225,9/27/2021,0.744,0.292,0,0.0592,0.2369,,,Wetland Pool 24,10000,sample,,,41.02405651,-83.68568947,0.2269999999999999,2.4685,0,0.05855,0.12405,0.292,0.744,0,0.0592,0.2369,1,18:1 to 78:1,778.3,41.02399667,-83.68573833,10000,Autumn
W00226,9/27/2021,0.875,0.216,0,0.0938,0.0614,,,Wetland Pool 21,14085,sample,,,41.02370744,-83.68666368,0.1113999999999999,1.4663976,0,0.0393,0.01228,0.216,0.875,0,0.0938,0.0614,1.5,15:1 to 29:1,775.9,41.02401833,-83.686875,14085,Autumn
W00227,9/27/2021,1.291,0.074,0,0.0717,0.0225,,,Wetland Pool 39,30000,sample,,,41.02402001,-83.68734959,0.10725,1.605461625,0.001633333,0.023833333,0.006288889,0.074,1.291,0,0.0717,0.0225,1.5,15:1 to 65:1,775.8,41.02409167,-83.687305,30000,Autumn
W00228,9/27/2021,1.003,1.049,0,0.0547,0.9025,,,Wetland Pool 20,5000,sample,No open water. Dense tall vegetation,,41.02363578,-83.68799089,0.0895,0.2476249999999999,0.002225,0.060101631,0.05786875,1.049,1.003,0,0.0547,0.9025,0.5,24:01:00,776.8,41.02360333,-83.68796667,5000,Autumn
W00229,9/27/2021,0.704,0.232,0,0.0741,0.1558,,,Wetland Pool 22,15000,sample,,,41.02485417,-83.6876572,0.1783333333333333,1.7066666666666663,0.017166667,0.1381508333333333,0.025966667,0.232,0.704,0,0.0741,0.1558,1.5,10:01,775.7,41.02496833,-83.68720333,15000,Autumn
W00230,9/27/2021,1.039,0.041,0,0.0807,0,,,Wetland Pool 40,126000,sample,,,41.0245559,-83.68602407,0.088074074,1.3274607407407406,0.008132143,0.042705821,0.000382143,0.041,1.039,0,0.0807,0,2,10:1 to 75:1,775.2,41.024775,-83.68513833,126000,Autumn
W00231,9/27/2021,1.18,0.185,0,0.0627,0.0577,,,Wetland Pool 41,10000,sample,,,41.02517453,-83.68597018,0.56875,5.76075375,0,0.0366,0.014425,0.185,1.18,0,0.0627,0.0577,1,12:1 to 71:1,776.1,41.02541167,-83.68574,10000,Autumn
W00232,9/27/2021,1.042,0.116,0,0.0558,0,,,Wetland Pool 30,20000,sample,,,41.02551421,-83.6863052,0.1769090909090909,2.2388654545454547,0.074133333,0.125075,0.012716667,0.116,1.042,0,0.0558,0,2,14:1 to 28:1,775.1,41.02577,-83.686365,20000,Autumn
W00233,9/27/2021,0.896,0.209,0,0.0648,0.0849,,,Wetland Pool 29,30000,sample,,,41.02547506,-83.68677568,0.6738333333333334,5.941913166666667,0.0421,0.022466667,0.0201,0.209,0.896,0,0.0648,0.0849,1.5,10:01,775.7,41.02547,-83.686815,30000,Autumn
W00234,9/27/2021,0.924,0.412,0,0.0928,0.2963,,,Wetland Pool 28,10000,sample,,,41.02573302,-83.68745159,0.3656666666666666,4.214199,0,0.047766667,0.098766667,0.412,0.924,0,0.0928,0.2963,1,10:01,776.1,41.02586833,-83.68718667,10000,Autumn
W00235,9/27/2021,0.728,0.141,0,0.0565,0.0586,,,Wetland Pool 31,10000,sample,Daylighted tile drains into this. Dense plants,,41.0257497,-83.68536039,0.2442857142857142,2.6817724285714286,0.036542857,0.085242857,0.022057143,0.141,0.728,0,0.0565,0.0586,1,10:01,776.1,41.02568,-83.68505833,10000,Autumn
W00236,9/27/2021,0.627,0.051,0,0.0462,0.0214,,,Wetland Pool 42,15000,sample,,,41.02605173,-83.68478676,0.3547272727272727,3.3046794545454548,0.013191667,0.056083333,0.018108333,0.051,0.627,0,0.0462,0.0214,1.5,15:1 to 32:1,775.5,41.02595667,-83.68474,15000,Autumn
W00237,9/27/2021,0.684,0.152,0,0.0579,0.1095,,,Wetland Pool 36,5000,sample,,,41.02660042,-83.68445825,0.2032,1.7152,0.3879,0.21642,0.0888,0.152,0.684,0,0.0579,0.1095,0.5,27:1 to 35:1,776.8,41.02677,-83.68446333,5000,Autumn
W00238,9/27/2021,0.875,0.129,0,0.0573,0.0657,,,Wetland Pool 35,26318,sample,,,41.02641342,-83.68312695,0.141875,1.933630125,0.02165,0.035975,0.0082125,0.129,0.875,0,0.0573,0.0657,2,12:1 to 32:1,775.1,41.026435,-83.683175,26318,Autumn
W00239,9/27/2021,1.169,0.053,0,0.0534,0.0116,,,Wetland Pool 37,10000,sample,,,41.0270377,-83.68223537,0.0912,2.1038,0,0.0872234,0.00232,0.053,1.169,0,0.0534,0.0116,1,10:01,776.4,41.02695667,-83.68210667,10000,Autumn
W00240,9/27/2021,1.119,0.133,0,0.0566,0.0742,,,Wetland Pool 38,15000,sample,,,41.02656899,-83.68176523,0.1671666666666666,2.4038666666666666,0.024566667,0.075264,0.029983333,0.133,1.119,0,0.0566,0.0742,1.5,10:01,775.8,41.02657333,-83.68182167,15000,Autumn
W00241,9/27/2021,1.024,0.028,0,0.0565,0,,,Wetland Pool 34,15000,sample,,,41.02588699,-83.68233629,0.1232222222222222,2.1979314444444444,0.03743,0.04212,0,0.028,1.024,0,0.0565,0,1.5,10:01,775.6,41.02589833,-83.68242333,15000,Autumn
W00242,9/27/2021,0.938,0.165,0,0.0465,0.059,,,Wetland Pool 33,10000,sample,,,41.02544057,-83.68251314,0.3428,3.5404494,0,0.04104,0.01556,0.165,0.938,0,0.0465,0.059,1,23:01,778.1,41.02554333,-83.68254833,10000,Autumn
W00243,9/27/2021,0.511,0.034,0.0216,0.0529,0,,,Wetland Pool 43,10000,sample,,,41.02602689,-83.68331797,0.1316666666666666,4.115002333333334,0.1306833333333333,1.8173666666666668,0,0.034,0.511,0.0216,0.0529,0,1,13:1 to 32:1,776.2,41.02607333,-83.68343667,10000,Autumn
W00244,9/27/2021,0.633,0.12,0,0.0626,0.0747,,,Wetland Pool 27,5000,sample,,,41.02508862,-83.68454802,0.2353333333333333,4.121655333333333,0.0213,0.042466667,0.0249,0.12,0.633,0,0.0626,0.0747,0.5,31:1 to 280:1,776.6,41.02495667,-83.68449667,5000,Autumn
W00245,9/27/2021,1.005,0.051,0,0.0462,0.0116,,,Wetland Pool 26,22424,sample,,,41.02462547,-83.68476385,0.1085555555555555,1.5949301111111112,0,0.024377778,0.002455556,0.051,1.005,0,0.0462,0.0116,2,10:01,775.2,41.02492167,-83.68488333,22424,Autumn
W00232,10/22/2021,0.986,0.055,0,0.0762,0,,,Wetland Pool 40,126000,sample,,,41.02459111,-83.6852977,0.088074074,1.3274607407407406,0.008132143,0.042705821,0.000382143,0.04525,0.996,0.01585,0.075375,0,2,10:1 to 75:1,775.2,41.024775,-83.68513833,126000,Autumn
W00233,10/22/2021,0.993,0.045,0,0.0652,0,,,Wetland Pool 40,126000,sample,,,41.0249408,-83.68600446,0.088074074,1.3274607407407406,0.008132143,0.042705821,0.000382143,0.04525,0.996,0.01585,0.075375,0,2,10:1 to 75:1,775.2,41.024775,-83.68513833,126000,Autumn
W00234,10/22/2021,1.025,0.038,0.0634,0.1173,0,,,Wetland Pool 40,126000,sample,,,41.02458436,-83.68601259,0.088074074,1.3274607407407406,0.008132143,0.042705821,0.000382143,0.04525,0.996,0.01585,0.075375,0,2,10:1 to 75:1,775.2,41.024775,-83.68513833,126000,Autumn
W00235,10/22/2021,0.98,0.043,0,0.0428,0,,,Wetland Pool 40,126000,sample,,,41.02408627,-83.68646655,0.088074074,1.3274607407407406,0.008132143,0.042705821,0.000382143,0.04525,0.996,0.01585,0.075375,0,2,10:1 to 75:1,775.2,41.024775,-83.68513833,126000,Autumn
W00236,10/22/2021,0,0.155,0,0.0621,0,,,Wetland Pool 1,353316,sample,,,41.02416325,-83.69578321,0.1256086956521739,1.4951467173913042,0.062869388,0.296505694,0.006269388,0.186,0.37075,0.0029,0.056925,0,6,14:1 to 35:1,770,41.0243,-83.6968,353316,Autumn
W00237,10/22/2021,1.483,0.197,0.0116,0.0558,0,,,Wetland Pool 1,353316,sample,,,41.024451,-83.69628101,0.1256086956521739,1.4951467173913042,0.062869388,0.296505694,0.006269388,0.186,0.37075,0.0029,0.056925,0,6,14:1 to 35:1,770,41.0243,-83.6968,353316,Autumn
W00238,10/22/2021,0,0.185,0,0.0564,0,,,Wetland Pool 1,353316,sample,,,41.02432004,-83.69678543,0.1256086956521739,1.4951467173913042,0.062869388,0.296505694,0.006269388,0.186,0.37075,0.0029,0.056925,0,6,14:1 to 35:1,770,41.0243,-83.6968,353316,Autumn
W00239,10/22/2021,0,0.207,0,0.0534,0,,,Wetland Pool 1,353316,sample,,,41.02412373,-83.6962831,0.1256086956521739,1.4951467173913042,0.062869388,0.296505694,0.006269388,0.186,0.37075,0.0029,0.056925,0,6,14:1 to 35:1,770,41.0243,-83.6968,353316,Autumn
W00289,12/1/2021,1.071,0.05,0,0.0644,0,,,Wetland Pool 40,126000,sample,Pool 40 at sonde location,,41.02443525,-83.68538582,0.088074074,1.3274607407407406,0.008132143,0.042705821,0.000382143,0.0485,1.072,0,0.04645,0,2,10:1 to 75:1,775.2,41.024775,-83.68513833,126000,Winter
W00290,12/1/2021,1.073,0.047,0,0.0285,0,,,Wetland Pool 40,126000,replicate,Pool 40 near sonde,,41.02443535,-83.68538192,0.088074074,1.3274607407407406,0.008132143,0.042705821,0.000382143,0.0485,1.072,0,0.04645,0,2,10:1 to 75:1,775.2,41.024775,-83.68513833,126000,Winter
W00291,12/1/2021,0.963,0.074,0,0.0304,0.0113,,,Wetland Pool 1,353316,sample,Pool 1 at sonde location,,41.02412527,-83.69574866,0.1256086956521739,1.4951467173913042,0.062869388,0.296505694,0.006269388,0.049666667,0.666,0,0.0314,0.003766667,6,14:1 to 35:1,770,41.0243,-83.6968,353316,Winter
W00292,12/1/2021,1.021,0.075,0,0.0361,0,,,Wetland Pool 1,353316,replicate,Pool 1 at sonde location,,41.0241217,-83.69576117,0.1256086956521739,1.4951467173913042,0.062869388,0.296505694,0.006269388,0.049666667,0.666,0,0.0314,0.003766667,6,14:1 to 35:1,770,41.0243,-83.6968,353316,Winter
W00293,12/1/2021,0.014,0,0,0.0277,0,,,Wetland Pool 1,353316,blank,Field blank,,41.02412354,-83.6957604,0.1256086956521739,1.4951467173913042,0.062869388,0.296505694,0.006269388,0.049666667,0.666,0,0.0314,0.003766667,6,14:1 to 35:1,770,41.0243,-83.6968,353316,Winter
W00353,4/1/2022,1.992,0,0,1.6937,0,,,Aurand Run downstream,,sample,,,41.02389667,-83.698205,0.016545455,1.75824,0.024125,1.3299103333333333,0.002091667,0,1.992,0,1.6937,0,,,,,,,Spring
W00354,4/1/2022,1.878,0.41,0,0.1785,0,,,Wetland Pool 1,353316,sample,,,41.02395167,-83.69677667,0.1256086956521739,1.4951467173913042,0.062869388,0.296505694,0.006269388,0.41,1.878,0,0.1785,0,6,14:1 to 35:1,770,41.0243,-83.6968,353316,Spring
W00355,4/1/2022,1.973,0,0,1.7361,0,,,Aurand Run connection to P1,,sample,,,41.02350167,-83.69614,0.053363636,2.7123605454545454,0.046836364,2.1385950000000005,0.021063636,0,1.973,0,1.7361,0,,,,,,,Spring
W00356,4/1/2022,0.564,0.046,0,0.125,0,,,Wetland Pool 3,5050,sample,,Shallow with lots of vegetation,41.02336667,-83.69515333,0.054333333,0.7703333333333333,0.029666667,0.041666667,0.009,0.046,0.564,0,0.125,0,0.5,10:01,775,41.0232,-83.6947,5050,Spring
W00357,4/1/2022,0.69,0.056,0,0.1226,0,,,Wetland Pool 2,7383,sample,,,41.02396333,-83.69496833,0.2728333333333333,2.7486666666666664,0.010666667,0.0876985,0.011702667,0.056,0.69,0,0.1226,0,0.5,10:01,774.8,41.0239,-83.6946,7383,Spring
W00358,4/1/2022,0.416,0.068,0,0.1169,0,,,Wetland Pool 4,49146,sample,,Area surrounding this pool is hummock and hollow and the hollows are holding a lot of water. There is no dry boundary between some pools.,41.02375333,-83.69376,0.1516363636363636,1.877506818181818,0.03235,0.069175,0.007766667,0.068,0.416,0,0.1169,0,2,16:1 to 52:1,773.7,41.02356336,-83.69422241,49146,Spring
W00359,4/1/2022,0.824,0.091,0,0.1688,0,,,Wetland Pool 6,8055,sample,,Difficult to find a dry area for staging sampling gear,41.02399833,-83.69329,0.3162,2.6555936000000004,0.01196,0.10718,0.01054,0.091,0.824,0,0.1688,0,1,10:01,774.7,41.02399833,-83.69329,8055,Spring
W00360,4/1/2022,0.647,0.028,0,0.1217,0,,,Wetland Pool 7,9620,sample,,Almost no boundaries between some pools,41.02391667,-83.6928,0.091,1.3904999999999998,0,0.08605,0,0.028,0.647,0,0.1217,0,1,10:01,775,41.02391667,-83.6928,9620,Spring
W00361,4/1/2022,0.504,0.071,0,0.0986,0,,,Wetland Pool 8,6000,sample,,,41.02390667,-83.69276833,0.3268333333333333,2.8573513333333334,0.2026833333333333,0.075016667,0.045716667,0.071,0.504,0,0.0986,0,1.5,10:01,774.5,41.02390667,-83.69276833,6000,Spring
W00362,4/1/2022,0.699,0.179,0,0.1372,0,,,Wetland Pool 9,52478,sample,,,41.023555,-83.69244,0.2299999999999999,2.2430332,0.0502,0.062281818,0.001536364,0.179,0.699,0,0.1372,0,2,12:1 to 26:1,774.1,41.023555,-83.69244,52478,Spring
W00363,4/1/2022,0.74,0.088,0,0.1422,0,,,Wetland Pool 11,4000,sample,,,41.02361667,-83.69210667,0.1186666666666666,1.515,0,0.092733333,0.011133333,0.088,0.74,0,0.1422,0,1,10:01,775.4,41.02361667,-83.69210667,4000,Spring
W00364,4/1/2022,0.81,0.065,0,0.1138,0,,,Wetland Pool 12,12750,sample,,,41.02406,-83.69191667,0.3658888888888889,3.307778,0.1328888888888889,0.079488889,0.003288889,0.0585,0.6845000000000001,0,0.1215999999999999,0,1.5,12:1 to 48:1,774.9,41.02406,-83.69191667,12750,Spring
W00365,4/1/2022,0.559,0.052,0,0.1294,0,,,Wetland Pool 12,12750,sample,,,41.02404833,-83.69138167,0.3658888888888889,3.307778,0.1328888888888889,0.079488889,0.003288889,0.0585,0.6845000000000001,0,0.1215999999999999,0,1.5,12:1 to 48:1,774.9,41.02406,-83.69191667,12750,Spring
W00366,4/1/2022,0.455,0.065,0,0.1248,0,,,Wetland Pool 13,6000,sample,,,41.02396667,-83.69073333,0.1462,1.6569292,0.01142,0.08606,0.00866,0.065,0.455,0,0.1248,0,1.5,10:01,775.1,41.02396667,-83.69073333,6000,Spring
W00367,4/1/2022,0.484,0.093,0,0.1161,0.016,,,Wetland Pool 18,19452,sample,,,41.02389167,-83.68997,0.099846154,1.4081614615384614,0.0448,0.064869214,0.014614286,0.093,0.484,0,0.1161,0.016,2,12:1 to 19:1,774.8,41.02404667,-83.68998833,19452,Spring
W00384,4/15/2022,7.272,0.122,0.0322,6.4222,0,,,Aurand Run downstream,,sample,,,41.02391833,-83.69821167,0.016545455,1.75824,0.024125,1.3299103333333333,0.002091667,0.122,7.272,0.0322,6.4222,0,,,,,,,Spring
W00385,4/15/2022,0.96,0.167,0,0.0721,0,,,Wetland Pool 1,353316,sample,,,41.02387167,-83.69616667,0.1256086956521739,1.4951467173913042,0.062869388,0.296505694,0.006269388,0.167,0.96,0,0.0721,0,6,14:1 to 35:1,770,41.0243,-83.6968,353316,Spring
W00386,4/15/2022,6.591,0.093,0.0243,5.8641,0,,,Aurand Run connection to P1,,sample,,,41.02354833,-83.69614667,0.053363636,2.7123605454545454,0.046836364,2.1385950000000005,0.021063636,0.093,6.591,0.0243,5.8641,0,,,,,,,Spring
W00387,4/15/2022,0.759,0.065,0,0.0534,0,,,Wetland Pool 5,4000,sample,,,41.02326333,-83.69358167,0.3196666666666667,3.705,0.085033333,0.0566,0.005866667,0.065,0.759,0,0.0534,0,1,10:01,775,41.02322762,-83.69357667,4000,Spring
W00388,4/15/2022,0.666,0.045,0,0.0447,0,,,Wetland Pool 10,2000,sample,,,41.02299333,-83.69168167,0.2525,1.098,0,0.08205,0.08365,0.045,0.666,0,0.0447,0,0.5,10:01,776,41.02315881,-83.69262599,2000,Spring
W00389,4/15/2022,0.589,0.034,0,0.0604,0,,,Wetland Pool 15,19500,sample,,,41.02324,-83.69115,0.159,2.1286666666666667,0.022333333,0.061633333,0.0076,0.034,0.589,0,0.0604,0,1.5,16:01,775.4,41.02324,-83.69115,19500,Spring
W00390,4/15/2022,0.815,0.043,0,0.0547,0,,,Wetland Pool 16,4000,sample,,,41.02307667,-83.69081667,0.1,1.3365,0,0.04125,0,0.043,0.815,0,0.0547,0,1,10:01,775.8,41.02307667,-83.69081667,4000,Spring
W00391,4/15/2022,0.723,0.074,0,0.0644,0,,,Wetland Pool 19,11124,sample,,,41.0231,-83.69028833,0.1765555555555555,2.048147888888889,0.074633333,0.067111111,0.001611111,0.074,0.723,0,0.0644,0,1.5,14:1 to 36:1,775.6,41.0231,-83.69028833,11124,Spring
W00392,4/15/2022,0.691,0.073,0.011,0.052,0,,,Wetland Pool 17,2000,sample,,Full of tall grass. Difficult to see until you walk into it. ,41.0236,-83.69033,0.073,0.691,0.011,0.052,0,0.073,0.691,0.011,0.052,0,0.7,10:02,776.5,41.0236,-83.69033,2000,Spring
W00393,4/15/2022,0.78,0.085,0.0194,0.0673,0.0127,,,Wetland Pool 14,4000,sample,,Lots of tall grass,41.02388167,-83.69051667,0.28025,2.42825,0.0313,0.2106667499999999,0.009775,0.085,0.78,0.0194,0.0673,0.0127,1,10:01,775.7,41.02388167,-83.69051667,4000,Spring
W00394,4/15/2022,0.638,0.044,0,0.0553,0,,,Wetland Pool 13,6000,sample,,No veg in this pool. Deeper than others. ,41.02400667,-83.69102667,0.1462,1.6569292,0.01142,0.08606,0.00866,0.044,0.638,0,0.0553,0,1.5,10:01,775.1,41.02396667,-83.69073333,6000,Spring
W00395,4/15/2022,1.097,0.09,0.0103,0.037,0,,,Wetland Pool 12,12750,sample,,,41.02409333,-83.691805,0.3658888888888889,3.307778,0.1328888888888889,0.079488889,0.003288889,0.09,1.097,0.0103,0.037,0,1.5,12:1 to 48:1,774.9,41.02406,-83.69191667,12750,Spring
W00396,4/15/2022,7.74,0.104,0.0175,6.8319,0.0236,,,Aurand Run upstream,,sample,,,41.01942333,-83.688145,0.017333333,3.079126,0.07269,2.2705100000000003,0.00236,0.104,7.74,0.0175,6.8319,0.0236,,,,,,,Spring
W00397,4/15/2022,0.704,0.067,0,0.0758,0.0105,,,Wetland Pool 25,15000,sample,,Merged with pool to NE,41.02385833,-83.68438667,0.1818571428571428,1.4995155714285713,0.022671429,0.038657143,0.025885714,0.067,0.704,0,0.0758,0.0105,1.5,16:1 to 19:1,775.8,41.02286167,-83.683685,15000,Spring
W00398,4/15/2022,0.939,0.093,0.0212,0.0295,0.0107,,,Wetland Pool 40,126000,sample,,Merged with other pools. See separate video. ,41.02477667,-83.68503333,0.088074074,1.3274607407407406,0.008132143,0.042705821,0.000382143,0.093,0.939,0.0212,0.0295,0.0107,2,10:1 to 75:1,775.2,41.024775,-83.68513833,126000,Spring
W00399,4/15/2022,0.926,0.084,0,0.0463,0,,,Wetland Pool 35,26318,sample,,,41.02624333,-83.68290667,0.141875,1.933630125,0.02165,0.035975,0.0082125,0.084,0.926,0,0.0463,0,2,12:1 to 32:1,775.1,41.026435,-83.683175,26318,Spring
W00400,4/15/2022,0.688,0.036,0.004,0.0433,0,,,Wetland Pool 38,15000,sample,,Isolated and well defined boundary,41.02655333,-83.68188833,0.1671666666666666,2.4038666666666666,0.024566667,0.075264,0.029983333,0.036,0.688,0.004,0.0433,0,1.5,10:01,775.8,41.02657333,-83.68182167,15000,Spring
W00401,4/15/2022,0.643,0.036,0,0.0403,0,,,Wetland Pool 37,10000,sample,,,41.02690667,-83.68200167,0.0912,2.1038,0,0.0872234,0.00232,0.036,0.643,0,0.0403,0,1,10:01,776.4,41.02695667,-83.68210667,10000,Spring
W00402,4/15/2022,1.202,0.194,0,0.0526,0,,,Wetland Pool 36,5000,sample,,,41.02667,-83.68387,0.2032,1.7152,0.3879,0.21642,0.0888,0.194,1.202,0,0.0526,0,0.5,27:1 to 35:1,776.8,41.02677,-83.68446333,5000,Spring
W00403,4/15/2022,1,0.071,0.0122,0.0514,0,,,Wetland Pool 42,15000,sample,,Merged with 31,41.026155,-83.684495,0.3547272727272727,3.3046794545454548,0.013191667,0.056083333,0.018108333,0.071,1,0.0122,0.0514,0,1.5,15:1 to 32:1,775.5,41.02595667,-83.68474,15000,Spring
W00404,4/15/2022,0.822,0.078,0,0.0545,0,,,Wetland Pool 30,20000,sample,,Merged with other pools,41.02580667,-83.686035,0.1769090909090909,2.2388654545454547,0.074133333,0.125075,0.012716667,0.078,0.822,0,0.0545,0,2,14:1 to 28:1,775.1,41.02577,-83.686365,20000,Spring
W00405,4/15/2022,0.731,0.054,0,0.0433,0,,,Wetland Pool 22,15000,sample,,,41.02496833,-83.68720333,0.1783333333333333,1.7066666666666663,0.017166667,0.1381508333333333,0.025966667,0.054,0.731,0,0.0433,0,1.5,10:01,775.7,41.02496833,-83.68720333,15000,Spring
W00406,4/15/2022,0.548,0.025,0.0147,0.0255,0,,,Wetland Pool 39,30000,sample,,,41.02447333,-83.687055,0.10725,1.605461625,0.001633333,0.023833333,0.006288889,0.025,0.548,0.0147,0.0255,0,1.5,15:1 to 65:1,775.8,41.02409167,-83.687305,30000,Spring
W00407,4/15/2022,0.734,0.055,0,0.0445,0,,,Wetland Pool 21,14085,sample,,,41.02401833,-83.686875,0.1113999999999999,1.4663976,0,0.0393,0.01228,0.055,0.734,0,0.0445,0,1.5,15:1 to 29:1,775.9,41.02401833,-83.686875,14085,Spring
W00408,4/15/2022,1.665,0.329,0,0.0423,0.0234,,,Wetland Pool 20,5000,sample,,Totally grown with tall grasses,41.02360333,-83.68796667,0.0895,0.2476249999999999,0.002225,0.060101631,0.05786875,0.329,1.665,0,0.0423,0.0234,0.5,24:01:00,776.8,41.02360333,-83.68796667,5000,Spring
W00473,6/15/2022,1.9,0.215,0,0.7441,0.0341,,,Wetland Pool 1,353316,sample,,Near sonde,41.02420833,-83.69623667,0.1256086956521739,1.4951467173913042,0.062869388,0.296505694,0.006269388,0.1406666666666667,2.4683333333333333,0,0.3194333333333333,0.0262,6,14:1 to 35:1,770,41.0243,-83.6968,353316,Summer
W00474,6/15/2022,1.58,0.155,0,0.5507,0.0285,,,Wetland Pool 1,353316,replicate,,Near sonde,41.02417333,-83.69621833,0.1256086956521739,1.4951467173913042,0.062869388,0.296505694,0.006269388,0.1406666666666667,2.4683333333333333,0,0.3194333333333333,0.0262,6,14:1 to 35:1,770,41.0243,-83.6968,353316,Summer
W00475,6/15/2022,1.63,0.193,0,0.4366,0.0479,,,Wetland Pool 1,353316,sample,,,41.02391167,-83.69629,0.1256086956521739,1.4951467173913042,0.062869388,0.296505694,0.006269388,0.1406666666666667,2.4683333333333333,0,0.3194333333333333,0.0262,6,14:1 to 35:1,770,41.0243,-83.6968,353316,Summer
W00476,6/15/2022,9.7,0.281,0,0.1682,0.0467,,,Wetland Pool 1,353316,replicate,,,41.02395333,-83.696325,0.1256086956521739,1.4951467173913042,0.062869388,0.296505694,0.006269388,0.1406666666666667,2.4683333333333333,0,0.3194333333333333,0.0262,6,14:1 to 35:1,770,41.0243,-83.6968,353316,Summer
W00477,6/15/2022,0,0,0,0,0,,,Wetland Pool 1,353316,blank,,,41.02502667,-83.69826333,0.1256086956521739,1.4951467173913042,0.062869388,0.296505694,0.006269388,0.1406666666666667,2.4683333333333333,0,0.3194333333333333,0.0262,6,14:1 to 35:1,770,41.0243,-83.6968,353316,Summer
W00478,6/15/2022,0,0,0,0.017,0,,,Wetland Pool 1,353316,blank,,,41.02502667,-83.69826333,0.1256086956521739,1.4951467173913042,0.062869388,0.296505694,0.006269388,0.1406666666666667,2.4683333333333333,0,0.3194333333333333,0.0262,6,14:1 to 35:1,770,41.0243,-83.6968,353316,Summer
W00479,6/15/2022,0.88,0.043,0,0,0,,,Wetland Pool 40,126000,sample,,,41.024735,-83.68510167,0.088074074,1.3274607407407406,0.008132143,0.042705821,0.000382143,0.045,0.91,0,0,0,2,10:1 to 75:1,775.2,41.024775,-83.68513833,126000,Summer
W00480,6/15/2022,0.94,0.047,0,0,0,,,Wetland Pool 40,126000,replicate,,,41.02473667,-83.68510167,0.088074074,1.3274607407407406,0.008132143,0.042705821,0.000382143,0.045,0.91,0,0,0,2,10:1 to 75:1,775.2,41.024775,-83.68513833,126000,Summer
W02504,7/14/2022,0,0,0,0.069,0,,,Wetland Pool 1,353316,blank,,,41.02485667,-83.69820667,0.1256086956521739,1.4951467173913042,0.062869388,0.296505694,0.006269388,0.093,1.1106666666666667,0,0.0489,0,6,14:1 to 35:1,770,41.0243,-83.6968,353316,Summer
W02505,7/14/2022,0,0,0,0.0777,0,,,Wetland Pool 1,353316,blank,,,41.02505333,-83.69824167,0.1256086956521739,1.4951467173913042,0.062869388,0.296505694,0.006269388,0.093,1.1106666666666667,0,0.0489,0,6,14:1 to 35:1,770,41.0243,-83.6968,353316,Summer
W02506,7/14/2022,3.332,0.279,0,0,0,,,Wetland Pool 1,353316,sample,,,41.02417,-83.69626167,0.1256086956521739,1.4951467173913042,0.062869388,0.296505694,0.006269388,0.093,1.1106666666666667,0,0.0489,0,6,14:1 to 35:1,770,41.0243,-83.6968,353316,Summer
W02507,7/14/2022,6.268,0.542,0,0.0594,0.016,,,Wetland Pool 2,7383,sample,,,41.02404667,-83.694335,0.2728333333333333,2.7486666666666664,0.010666667,0.0876985,0.011702667,0.542,6.268,0,0.0594,0.016,0.5,10:01,774.8,41.0239,-83.6946,7383,Summer
W02508,7/14/2022,3.155,0.163,0,0,0.0113,,,Wetland Pool 6,8055,sample,,,41.02399,-83.69339833,0.3162,2.6555936000000004,0.01196,0.10718,0.01054,0.163,3.155,0,0,0.0113,1,10:01,774.7,41.02399833,-83.69329,8055,Summer
W02509,7/14/2022,4.471,0.445,0,0.0922,0,,,Wetland Pool 4,49146,sample,,,41.0237,-83.69371167,0.1516363636363636,1.877506818181818,0.03235,0.069175,0.007766667,0.445,4.471,0,0.0922,0,2,16:1 to 52:1,773.7,41.02356336,-83.69422241,49146,Summer
W02510,7/14/2022,5.204,0.626,0,0.0664,0,,,Wetland Pool 5,4000,sample,,,41.02319667,-83.69341333,0.3196666666666667,3.705,0.085033333,0.0566,0.005866667,0.626,5.204,0,0.0664,0,1,10:01,775,41.02322762,-83.69357667,4000,Summer
W02511,7/14/2022,4.26,0.42,0,0.0565,0,,,Wetland Pool 9,52478,sample,,,41.02328333,-83.69272667,0.2299999999999999,2.2430332,0.0502,0.062281818,0.001536364,0.42,4.26,0,0.0565,0,2,12:1 to 26:1,774.1,41.023555,-83.69244,52478,Summer
W02512,7/14/2022,3.313,0.187,0,0.0502,0,,,Wetland Pool 8,6000,sample,,,41.02369167,-83.69264667,0.3268333333333333,2.8573513333333334,0.2026833333333333,0.075016667,0.045716667,0.187,3.313,0,0.0502,0,1.5,10:01,774.5,41.02390667,-83.69276833,6000,Summer
W02513,7/14/2022,4.469,0.437,0,0.0709,0.0135,,,Wetland Pool 12,12750,sample,,,41.024005,-83.69211167,0.3658888888888889,3.307778,0.1328888888888889,0.079488889,0.003288889,0.437,4.469,0,0.0709,0.0135,1.5,12:1 to 48:1,774.9,41.02406,-83.69191667,12750,Summer
W02514,7/14/2022,3.085,0.286,0.067,0.0629,0.0228,,,Wetland Pool 15,19500,sample,,Water too low for physico. Very dense veg difficult to penetrate,41.02332,-83.69125333,0.159,2.1286666666666667,0.022333333,0.061633333,0.0076,0.286,3.085,0.067,0.0629,0.0228,1.5,16:01,775.4,41.02324,-83.69115,19500,Summer
W02515,7/14/2022,2.854,0.102,0.031,0.0505,0,,,Wetland Pool 13,6000,sample,,,41.023975,-83.69118667,0.1462,1.6569292,0.01142,0.08606,0.00866,0.102,2.854,0.031,0.0505,0,1.5,10:01,775.1,41.02396667,-83.69073333,6000,Summer
W02516,7/14/2022,6.487,0.884,0.0308,0.0943,0.0264,,,Wetland Pool 14,4000,sample,,,41.02389333,-83.69068,0.28025,2.42825,0.0313,0.2106667499999999,0.009775,0.884,6.487,0.0308,0.0943,0.0264,1,10:01,775.7,41.02388167,-83.69051667,4000,Summer
W02517,7/14/2022,2.537,0.07,0,0,0,,,Wetland Pool 18,19452,sample,,,41.02378167,-83.69003333,0.099846154,1.4081614615384614,0.0448,0.064869214,0.014614286,0.07,2.537,0,0,0,2,12:1 to 19:1,774.8,41.02404667,-83.68998833,19452,Summer
W02518,7/14/2022,2.587,0.083,0,0,0,,,Wetland Pool 19,11124,sample,,,41.02323667,-83.69023333,0.1765555555555555,2.048147888888889,0.074633333,0.067111111,0.001611111,0.083,2.587,0,0,0,1.5,14:1 to 36:1,775.6,41.0231,-83.69028833,11124,Summer
W02519,7/14/2022,1.061,0.015,0.0286,0.3119,0,,,Aurand Run connection to P1,,sample,,,41.02343667,-83.696055,0.053363636,2.7123605454545454,0.046836364,2.1385950000000005,0.021063636,0.015,1.061,0.0286,0.3119,0,,,,,,,Summer
W02520,7/14/2022,1.092,0.016,0.0483,0.3403,0,,,Aurand Run downstream,,sample,,,41.02382667,-83.69817333,0.016545455,1.75824,0.024125,1.3299103333333333,0.002091667,0.016,1.092,0.0483,0.3403,0,,,,,,,Summer
W02521,7/14/2022,0.983,0.012,0.0633,0.2834,0,,,Aurand Run upstream,,sample,,,41.01938667,-83.68828333,0.017333333,3.079126,0.07269,2.2705100000000003,0.00236,0.012,0.983,0.0633,0.2834,0,,,,,,,Summer
W02522,7/14/2022,2.143,0.127,0.0207,0,0.0108,,,Wetland Pool 25,15000,sample,,,41.02286167,-83.683685,0.1818571428571428,1.4995155714285713,0.022671429,0.038657143,0.025885714,0.127,2.143,0.0207,0,0.0108,1.5,16:1 to 19:1,775.8,41.02286167,-83.683685,15000,Summer
W02523,7/14/2022,4.193,0.162,0,0.0579,0.0112,,,Wetland Pool 24,10000,sample,,,41.02399667,-83.68573833,0.2269999999999999,2.4685,0,0.05855,0.12405,0.162,4.193,0,0.0579,0.0112,1,18:1 to 78:1,778.3,41.02399667,-83.68573833,10000,Summer
W02524,7/14/2022,2.385,0.089,0,0.0582,0,,,Wetland Pool 21,14085,sample,,,41.02382167,-83.68673333,0.1113999999999999,1.4663976,0,0.0393,0.01228,0.089,2.385,0,0.0582,0,1.5,15:1 to 29:1,775.9,41.02401833,-83.686875,14085,Summer
W02525,7/14/2022,2.687,0.075,0,0,0,,,Wetland Pool 39,30000,sample,,,41.02409167,-83.687305,0.10725,1.605461625,0.001633333,0.023833333,0.006288889,0.075,2.687,0,0,0,1.5,15:1 to 65:1,775.8,41.02409167,-83.687305,30000,Summer
W02526,7/14/2022,5.18,0.456,0.045,0.0539,0,,,Wetland Pool 22,15000,sample,,,41.024835,-83.68768,0.1783333333333333,1.7066666666666663,0.017166667,0.1381508333333333,0.025966667,0.456,5.18,0.045,0.0539,0,1.5,10:01,775.7,41.02496833,-83.68720333,15000,Summer
W02527,7/14/2022,3.719,0.246,0,0.07,0.0242,,,Wetland Pool 29,30000,sample,,,41.02547,-83.686815,0.6738333333333334,5.941913166666667,0.0421,0.022466667,0.0201,0.246,3.719,0,0.07,0.0242,1.5,10:01,775.7,41.02547,-83.686815,30000,Summer
W02528,7/14/2022,5.053,0.199,0,0.0505,0,,,Wetland Pool 28,10000,sample,,,41.02586833,-83.68718667,0.3656666666666666,4.214199,0,0.047766667,0.098766667,0.199,5.053,0,0.0505,0,1,10:01,776.1,41.02586833,-83.68718667,10000,Summer
W02529,7/14/2022,2.733,0.116,0.0221,0.0836,0,,,Wetland Pool 30,20000,sample,,,41.02577,-83.686365,0.1769090909090909,2.2388654545454547,0.074133333,0.125075,0.012716667,0.116,2.733,0.0221,0.0836,0,2,14:1 to 28:1,775.1,41.02577,-83.686365,20000,Summer
W02530,7/14/2022,10.538,0.955,0,0.0837,0,,,Wetland Pool 41,10000,sample,,,41.02541167,-83.68574,0.56875,5.76075375,0,0.0366,0.014425,0.955,10.538,0,0.0837,0,1,12:1 to 71:1,776.1,41.02541167,-83.68574,10000,Summer
W02531,7/14/2022,6.763,0.485,0,0.0921,0.0104,,,Wetland Pool 31,10000,sample,,,41.02568,-83.68505833,0.2442857142857142,2.6817724285714286,0.036542857,0.085242857,0.022057143,0.485,6.763,0,0.0921,0.0104,1,10:01,776.1,41.02568,-83.68505833,10000,Summer
W02532,7/14/2022,13.304,1.655,0,0.0834,0,,,Wetland Pool 42,15000,sample,,,41.02595667,-83.68474,0.3547272727272727,3.3046794545454548,0.013191667,0.056083333,0.018108333,1.655,13.304,0,0.0834,0,1.5,15:1 to 32:1,775.5,41.02595667,-83.68474,15000,Summer
W02533,7/14/2022,3.966,0.165,0,0.0727,0,,,Wetland Pool 43,10000,sample,,,41.02607333,-83.68343667,0.1316666666666666,4.115002333333334,0.1306833333333333,1.8173666666666668,0,0.165,3.966,0,0.0727,0,1,13:1 to 32:1,776.2,41.02607333,-83.68343667,10000,Summer
W02534,7/14/2022,3.052,0.139,0,0.0682,0,,,Wetland Pool 35,26318,sample,,,41.026435,-83.683175,0.141875,1.933630125,0.02165,0.035975,0.0082125,0.139,3.052,0,0.0682,0,2,12:1 to 32:1,775.1,41.026435,-83.683175,26318,Summer
W02535,7/14/2022,6.122,0.273,0,0.0692,0,,,Wetland Pool 37,10000,sample,,,41.02695667,-83.68210667,0.0912,2.1038,0,0.0872234,0.00232,0.273,6.122,0,0.0692,0,1,10:01,776.4,41.02695667,-83.68210667,10000,Summer
W02536,7/14/2022,4.97,0.252,0,0.0631,0,,,Wetland Pool 38,15000,sample,,,41.02657333,-83.68182167,0.1671666666666666,2.4038666666666666,0.024566667,0.075264,0.029983333,0.252,4.97,0,0.0631,0,1.5,10:01,775.8,41.02657333,-83.68182167,15000,Summer
W02537,7/14/2022,3.466,0.091,0,0.0507,0,,,Wetland Pool 34,15000,sample,,,41.02589833,-83.68242333,0.1232222222222222,2.1979314444444444,0.03743,0.04212,0,0.091,3.466,0,0.0507,0,1.5,10:01,775.6,41.02589833,-83.68242333,15000,Summer
W02538,7/14/2022,5.286,0.404,0,0.059,0,,,Wetland Pool 33,10000,sample,,,41.02554333,-83.68254833,0.3428,3.5404494,0,0.04104,0.01556,0.404,5.286,0,0.059,0,1,23:01,778.1,41.02554333,-83.68254833,10000,Summer
W02539,7/14/2022,6.764,0.26,0,0.0648,0,,,Wetland Pool 27,5000,sample,,,41.02495667,-83.68449667,0.2353333333333333,4.121655333333333,0.0213,0.042466667,0.0249,0.26,6.764,0,0.0648,0,0.5,31:1 to 280:1,776.6,41.02495667,-83.68449667,5000,Summer
W02540,7/14/2022,3.654,0.221,0,0,0,,,Wetland Pool 26,22424,sample,,,41.02492167,-83.68488333,0.1085555555555555,1.5949301111111112,0,0.024377778,0.002455556,0.221,3.654,0,0,0,2,10:01,775.2,41.02492167,-83.68488333,22424,Summer
W02541,7/14/2022,2.716,0.083,0,0.0521,0,,,Wetland Pool 40,126000,sample,,,41.024775,-83.68513833,0.088074074,1.3274607407407406,0.008132143,0.042705821,0.000382143,0.083,2.716,0,0.0521,0,2,10:1 to 75:1,775.2,41.024775,-83.68513833,126000,Summer
W02565,7/27/2022,0,0,0,0.0204,0,,,Wetland Pool 20,5000,blank,,,41.02268333,-83.68380333,0.0895,0.2476249999999999,0.002225,0.060101631,0.05786875,0,0,0,0.0165,0,0.5,24:01:00,776.8,41.02360333,-83.68796667,5000,Summer
W02566,7/27/2022,0,0,0,0.0126,0,,,Wetland Pool 20,5000,blank,,,41.02268333,-83.68380167,0.0895,0.2476249999999999,0.002225,0.060101631,0.05786875,0,0,0,0.0165,0,0.5,24:01:00,776.8,41.02360333,-83.68796667,5000,Summer
W02567,7/27/2022,1.054626,0.024,0.0595,0.0227,0,,,Wetland Pool 40,126000,sample,,,41.02449167,-83.68529333,0.088074074,1.3274607407407406,0.008132143,0.042705821,0.000382143,0.028,1.099925,0.02975,0.0297,0,2,10:1 to 75:1,775.2,41.024775,-83.68513833,126000,Summer
W02568,7/27/2022,1.145224,0.032,0,0.0367,0,,,Wetland Pool 40,126000,replicate,,,41.02449333,-83.68528333,0.088074074,1.3274607407407406,0.008132143,0.042705821,0.000382143,0.028,1.099925,0.02975,0.0297,0,2,10:1 to 75:1,775.2,41.024775,-83.68513833,126000,Summer
W02603,8/11/2022,1.361811,0.02,0,0,0,,,Wetland Pool 40,126000,sample,,,41.02447333,-83.68528667,0.088074074,1.3274607407407406,0.008132143,0.042705821,0.000382143,0.02,1.361811,0,0,0,2,10:1 to 75:1,775.2,41.024775,-83.68513833,126000,Summer
W02604,8/11/2022,1.168732,0.072,0,0,0,,,Wetland Pool 26,22424,sample,,,41.024405,-83.68502,0.1085555555555555,1.5949301111111112,0,0.024377778,0.002455556,0.072,1.168732,0,0,0,2,10:01,775.2,41.02492167,-83.68488333,22424,Summer
W02605,8/11/2022,2.040609,0.264,0,0,0,,,Wetland Pool 25,15000,sample,,,41.02397167,-83.684735,0.1818571428571428,1.4995155714285713,0.022671429,0.038657143,0.025885714,0.264,2.040609,0,0,0,1.5,16:1 to 19:1,775.8,41.02286167,-83.683685,15000,Summer
W02606,8/11/2022,1.837988,0.071,0,0,0,,,Wetland Pool 21,14085,sample,,,41.02381833,-83.68672167,0.1113999999999999,1.4663976,0,0.0393,0.01228,0.071,1.837988,0,0,0,1.5,15:1 to 29:1,775.9,41.02401833,-83.686875,14085,Summer
W02607,8/11/2022,1.921644,0.143,0,0,0,,,Wetland Pool 39,30000,sample,,,41.02411,-83.68771833,0.10725,1.605461625,0.001633333,0.023833333,0.006288889,0.143,1.921644,0,0,0,1.5,15:1 to 65:1,775.8,41.02409167,-83.687305,30000,Summer
W02608,8/11/2022,6.665597,0.486,0,0,0,,,Wetland Pool 28,10000,sample,,,41.02573333,-83.68744667,0.3656666666666666,4.214199,0,0.047766667,0.098766667,0.486,6.665597,0,0,0,1,10:01,776.1,41.02586833,-83.68718667,10000,Summer
W02609,8/11/2022,3.123219,0.248,0,0,0,,,Wetland Pool 29,30000,sample,,,41.02559667,-83.68696833,0.6738333333333334,5.941913166666667,0.0421,0.022466667,0.0201,0.248,3.123219,0,0,0,1.5,10:01,775.7,41.02547,-83.686815,30000,Summer
W02610,8/11/2022,4.115015,0.135,0,0,0,,,Wetland Pool 41,10000,sample,,,41.02525333,-83.685945,0.56875,5.76075375,0,0.0366,0.014425,0.135,4.115015,0,0,0,1,12:1 to 71:1,776.1,41.02541167,-83.68574,10000,Summer
W02611,8/11/2022,1.496521,0.034,0,0,0,,,Wetland Pool 30,20000,sample,,,41.02563167,-83.68608,0.1769090909090909,2.2388654545454547,0.074133333,0.125075,0.012716667,0.034,1.496521,0,0,0,2,14:1 to 28:1,775.1,41.02577,-83.686365,20000,Summer
W02612,8/11/2022,6.311407,0.464,0.1732,0,0,,,Wetland Pool 31,10000,sample,,,41.02581333,-83.68508833,0.2442857142857142,2.6817724285714286,0.036542857,0.085242857,0.022057143,0.464,6.311407,0.1732,0,0,1,10:01,776.1,41.02568,-83.68505833,10000,Summer
W02613,8/11/2022,3.296577,0.198,0,0,0,,,Wetland Pool 42,15000,sample,,,41.02596833,-83.684765,0.3547272727272727,3.3046794545454548,0.013191667,0.056083333,0.018108333,0.198,3.296577,0,0,0,1.5,15:1 to 32:1,775.5,41.02595667,-83.68474,15000,Summer
W02614,8/11/2022,4.4102,0.275,0.1434,0,0,,,Wetland Pool 38,15000,sample,,Too shallow for PC measurements,41.02662,-83.68171167,0.1671666666666666,2.4038666666666666,0.024566667,0.075264,0.029983333,0.275,4.4102,0.1434,0,0,1.5,10:01,775.8,41.02657333,-83.68182167,15000,Summer
W02615,8/11/2022,2.41134,0.117,0.0273,0,0,,,Wetland Pool 34,15000,sample,,,41.025715,-83.682415,0.1232222222222222,2.1979314444444444,0.03743,0.04212,0,0.117,2.41134,0.0273,0,0,1.5,10:01,775.6,41.02589833,-83.68242333,15000,Summer
W02616,8/11/2022,3.258247,0.214,0,0,0,,,Wetland Pool 33,10000,sample,,,41.02552833,-83.68259833,0.3428,3.5404494,0,0.04104,0.01556,0.214,3.258247,0,0,0,1,23:01,778.1,41.02554333,-83.68254833,10000,Summer
W02617,8/11/2022,2.314641,0.177,0.1732,0,0,,,Wetland Pool 35,26318,sample,,,41.02627167,-83.68305833,0.141875,1.933630125,0.02165,0.035975,0.0082125,0.177,2.314641,0.1732,0,0,2,12:1 to 32:1,775.1,41.026435,-83.683175,26318,Summer
W02618,8/11/2022,5.113014,0.439,0.0693,0,0,,,Wetland Pool 43,10000,sample,,Too shallow for PC measurements,41.02604,-83.683505,0.1316666666666666,4.115002333333334,0.1306833333333333,1.8173666666666668,0,0.439,5.113014,0.0693,0,0,1,13:1 to 32:1,776.2,41.02607333,-83.68343667,10000,Summer
W02619,8/11/2022,4.967966,0.326,0.0639,0,0,,,Wetland Pool 27,5000,sample,,,41.02504167,-83.684545,0.2353333333333333,4.121655333333333,0.0213,0.042466667,0.0249,0.326,4.967966,0.0639,0,0,0.5,31:1 to 280:1,776.6,41.02495667,-83.68449667,5000,Summer
W02631,8/18/2022,0.188071,0,0,0,0,,,Wetland Pool 1,353316,blank,,,41.025065,-83.69826833,0.1256086956521739,1.4951467173913042,0.062869388,0.296505694,0.006269388,0.038,0.6224896666666667,0,0,0,6,14:1 to 35:1,770,41.0243,-83.6968,353316,Summer
W02632,8/18/2022,0.394685,0,0,0,0,,,Wetland Pool 1,353316,blank,,,0,0,0.1256086956521739,1.4951467173913042,0.062869388,0.296505694,0.006269388,0.038,0.6224896666666667,0,0,0,6,14:1 to 35:1,770,41.0243,-83.6968,353316,Summer
W02633,8/18/2022,0.662625,0,0.0279,0.5079,0,,,Aurand Run downstream,,sample,,,41.02388833,-83.69823,0.016545455,1.75824,0.024125,1.3299103333333333,0.002091667,0,0.662625,0.0279,0.5079,0,,,,,,,Summer
W02634,8/18/2022,1.284713,0.114,0,0,0,,,Wetland Pool 1,353316,sample,,,41.02423167,-83.696305,0.1256086956521739,1.4951467173913042,0.062869388,0.296505694,0.006269388,0.038,0.6224896666666667,0,0,0,6,14:1 to 35:1,770,41.0243,-83.6968,353316,Summer
W02635,8/18/2022,0.693127,0,0.0306,0.4943,0,,,Aurand Run connection to P1,,sample,,,41.023425,-83.69605833,0.053363636,2.7123605454545454,0.046836364,2.1385950000000005,0.021063636,0,0.693127,0.0306,0.4943,0,,,,,,,Summer
W02636,8/18/2022,1.378629,0.054,0,0,0,,,Wetland Pool 4,49146,sample,,,41.02360333,-83.69424167,0.1516363636363636,1.877506818181818,0.03235,0.069175,0.007766667,0.054,1.378629,0,0,0,2,16:1 to 52:1,773.7,41.02356336,-83.69422241,49146,Summer
W02637,8/18/2022,2.408968,0.317,0,0,0,,,Wetland Pool 6,8055,sample,,,41.02402,-83.69336,0.3162,2.6555936000000004,0.01196,0.10718,0.01054,0.317,2.408968,0,0,0,1,10:01,774.7,41.02399833,-83.69329,8055,Summer
W02638,8/18/2022,3.654108,0.333,0,0,0.0195,,,Wetland Pool 8,6000,sample,,,41.02371667,-83.69279667,0.3268333333333333,2.8573513333333334,0.2026833333333333,0.075016667,0.045716667,0.333,3.654108,0,0,0.0195,1.5,10:01,774.5,41.02390667,-83.69276833,6000,Summer
W02639,8/18/2022,3.300922,0.507,0,0,0,,,Wetland Pool 12,12750,sample,,,41.02410167,-83.69204333,0.3658888888888889,3.307778,0.1328888888888889,0.079488889,0.003288889,0.507,3.300922,0,0,0,1.5,12:1 to 48:1,774.9,41.02406,-83.69191667,12750,Summer
W02640,8/18/2022,1.967646,0.13,0,0,0,,,Wetland Pool 13,6000,sample,,,41.02406833,-83.69137833,0.1462,1.6569292,0.01142,0.08606,0.00866,0.13,1.967646,0,0,0,1.5,10:01,775.1,41.02396667,-83.69073333,6000,Summer
W02641,8/18/2022,1.213434,0.04,0.3864,0,0,,,Wetland Pool 18,19452,sample,,,41.02377667,-83.689965,0.099846154,1.4081614615384614,0.0448,0.064869214,0.014614286,0.04,1.213434,0.3864,0,0,2,12:1 to 19:1,774.8,41.02404667,-83.68998833,19452,Summer
W02642,8/18/2022,0.911942,0.029,0,0,0,,,Wetland Pool 19,11124,sample,,,41.02322667,-83.690055,0.1765555555555555,2.048147888888889,0.074633333,0.067111111,0.001611111,0.029,0.911942,0,0,0,1.5,14:1 to 36:1,775.6,41.0231,-83.69028833,11124,Summer
W02643,8/18/2022,1.546713,0.108,0,0,0,,,Wetland Pool 9,52478,sample,,,41.02329667,-83.69241333,0.2299999999999999,2.2430332,0.0502,0.062281818,0.001536364,0.108,1.546713,0,0,0,2,12:1 to 26:1,774.1,41.023555,-83.69244,52478,Summer
W02644,8/18/2022,0.677876,0,0.1359,0.3647,0,,,Aurand Run upstream,,sample,,,41.01938667,-83.68819333,0.017333333,3.079126,0.07269,2.2705100000000003,0.00236,0,0.677876,0.1359,0.3647,0,,,,,,,Summer
W02682,9/20/2022,0,0.009,0,0,0,,,Wetland Pool 1,353316,blank,,,41.02505667,-83.69820167,0.1256086956521739,1.4951467173913042,0.062869388,0.296505694,0.006269388,0.095,0.7713405,0,0,0,6,14:1 to 35:1,770,41.0243,-83.6968,353316,Autumn
W02683,9/20/2022,0,0,0,0,0,,,Wetland Pool 1,353316,blank,,,41.02507167,-83.698235,0.1256086956521739,1.4951467173913042,0.062869388,0.296505694,0.006269388,0.095,0.7713405,0,0,0,6,14:1 to 35:1,770,41.0243,-83.6968,353316,Autumn
W02684,9/20/2022,0.220779,0,0,0.094,0.0118,,,Aurand Run downstream,,sample,,,41.02388167,-83.69826667,0.016545455,1.75824,0.024125,1.3299103333333333,0.002091667,0,0.220779,0,0.094,0.0118,,,,,,,Autumn
W02685,9/20/2022,1.653387,0.211,0,0,0,,,Wetland Pool 1,353316,sample,,,41.02396167,-83.69596,0.1256086956521739,1.4951467173913042,0.062869388,0.296505694,0.006269388,0.095,0.7713405,0,0,0,6,14:1 to 35:1,770,41.0243,-83.6968,353316,Autumn
W02686,9/20/2022,1.431975,0.16,0,0,0,,,Wetland Pool 1,353316,sample,,,41.024175,-83.69629833,0.1256086956521739,1.4951467173913042,0.062869388,0.296505694,0.006269388,0.095,0.7713405,0,0,0,6,14:1 to 35:1,770,41.0243,-83.6968,353316,Autumn
W02687,9/20/2022,0.21334,0,0.0562,0.1076,0.0144,,,Aurand Run connection to P1,,sample,,,41.02344167,-83.696015,0.053363636,2.7123605454545454,0.046836364,2.1385950000000005,0.021063636,0,0.21334,0.0562,0.1076,0.0144,,,,,,,Autumn
W02688,9/20/2022,12.95108,1.503,0,0,0.0161,,,Wetland Pool 12,12750,sample,,,41.02408,-83.691935,0.3658888888888889,3.307778,0.1328888888888889,0.079488889,0.003288889,1.503,12.95108,0,0,0.0161,1.5,12:1 to 48:1,774.9,41.02406,-83.69191667,12750,Autumn
W02689,9/20/2022,1.160394,0.077,0.0557,0,0.0196,,,Wetland Pool 18,19452,sample,,,41.023775,-83.68996667,0.099846154,1.4081614615384614,0.0448,0.064869214,0.014614286,0.077,1.160394,0.0557,0,0.0196,2,12:1 to 19:1,774.8,41.02404667,-83.68998833,19452,Autumn
W02690,9/20/2022,1.896164,0.183,0,0,0.0145,,,Wetland Pool 19,11124,sample,,,41.023215,-83.690065,0.1765555555555555,2.048147888888889,0.074633333,0.067111111,0.001611111,0.183,1.896164,0,0,0.0145,1.5,14:1 to 36:1,775.6,41.0231,-83.69028833,11124,Autumn
W02691,9/20/2022,2.009323,0.176,0,0,0,,,Wetland Pool 9,52478,sample,,,41.02320667,-83.69235667,0.2299999999999999,2.2430332,0.0502,0.062281818,0.001536364,0.176,2.009323,0,0,0,2,12:1 to 26:1,774.1,41.023555,-83.69244,52478,Autumn
W02692,9/20/2022,1.831751,0.131,0,0,0,,,Wetland Pool 4,49146,sample,,,41.02347833,-83.69370167,0.1516363636363636,1.877506818181818,0.03235,0.069175,0.007766667,0.131,1.831751,0,0,0,2,16:1 to 52:1,773.7,41.02356336,-83.69422241,49146,Autumn
W02693,9/20/2022,0.272056,0,0.0706,0,0,,,Aurand Run upstream,,sample,,,41.01942833,-83.68821833,0.017333333,3.079126,0.07269,2.2705100000000003,0.00236,0,0.272056,0.0706,0,0,,,,,,,Autumn
W02694,9/21/2022,0.12,0,,,,,,Wetland Pool 20,5000,blank,,,41.02272667,-83.68365667,0.0895,0.2476249999999999,0.002225,0.060101631,0.05786875,0,0.145,,,,0.5,24:01:00,776.8,41.02360333,-83.68796667,5000,Autumn
W02695,9/21/2022,0.17,0,,,,,,Wetland Pool 20,5000,blank,,,41.02268833,-83.68364333,0.0895,0.2476249999999999,0.002225,0.060101631,0.05786875,0,0.145,,,,0.5,24:01:00,776.8,41.02360333,-83.68796667,5000,Autumn
W02696,9/21/2022,0.77,0.08,0,0,0,,,Wetland Pool 25,15000,sample,,,41.02385,-83.684525,0.1818571428571428,1.4995155714285713,0.022671429,0.038657143,0.025885714,0.08,0.77,0,0,0,1.5,16:1 to 19:1,775.8,41.02286167,-83.683685,15000,Autumn
W02697,9/21/2022,1.19,0.056,0,0,0,,,Wetland Pool 40,126000,sample,,,41.02455167,-83.68530833,0.088074074,1.3274607407407406,0.008132143,0.042705821,0.000382143,0.056,1.19,0,0,0,2,10:1 to 75:1,775.2,41.024775,-83.68513833,126000,Autumn
W02698,9/21/2022,1.5,0.126,0,0,0,,,Wetland Pool 21,14085,sample,,,41.02381333,-83.68672167,0.1113999999999999,1.4663976,0,0.0393,0.01228,0.126,1.5,0,0,0,1.5,15:1 to 29:1,775.9,41.02401833,-83.686875,14085,Autumn
W02699,9/21/2022,1.35,0.067,0,0,0.022,,,Wetland Pool 39,30000,sample,,,41.02418,-83.68734333,0.10725,1.605461625,0.001633333,0.023833333,0.006288889,0.067,1.35,0,0,0.022,1.5,15:1 to 65:1,775.8,41.02409167,-83.687305,30000,Autumn
W02700,9/21/2022,10.88,1.555,0,0,0.0115,,,Wetland Pool 29,30000,sample,,,41.02555833,-83.68697833,0.6738333333333334,5.941913166666667,0.0421,0.022466667,0.0201,1.555,10.88,0,0,0.0115,1.5,10:01,775.7,41.02547,-83.686815,30000,Autumn
W02701,9/21/2022,7.21,1,0,0,0,,,Wetland Pool 41,10000,sample,,,41.02517,-83.686015,0.56875,5.76075375,0,0.0366,0.014425,1,7.21,0,0,0,1,12:1 to 71:1,776.1,41.02541167,-83.68574,10000,Autumn
W02702,9/21/2022,1.15,0.03,0,0,0,,,Wetland Pool 30,20000,sample,,,41.025615,-83.686075,0.1769090909090909,2.2388654545454547,0.074133333,0.125075,0.012716667,0.03,1.15,0,0,0,2,14:1 to 28:1,775.1,41.02577,-83.686365,20000,Autumn
W02703,9/21/2022,2.48,0.134,0,0,0,,,Wetland Pool 42,15000,sample,,,41.02603,-83.68476167,0.3547272727272727,3.3046794545454548,0.013191667,0.056083333,0.018108333,0.134,2.48,0,0,0,1.5,15:1 to 32:1,775.5,41.02595667,-83.68474,15000,Autumn
W02704,9/21/2022,1.3,0.054,0,0,0,,,Wetland Pool 35,26318,sample,,,41.02644333,-83.683135,0.141875,1.933630125,0.02165,0.035975,0.0082125,0.054,1.3,0,0,0,2,12:1 to 32:1,775.1,41.026435,-83.683175,26318,Autumn
W02705,9/21/2022,2.63,0.123,0,0,0,,,Wetland Pool 34,15000,sample,,,41.02590667,-83.68239333,0.1232222222222222,2.1979314444444444,0.03743,0.04212,0,0.123,2.63,0,0,0,1.5,10:01,775.6,41.02589833,-83.68242333,15000,Autumn
W02706,9/21/2022,7.08,0.831,0,0,0,,,Wetland Pool 33,10000,sample,,,41.02524667,-83.68240333,0.3428,3.5404494,0,0.04104,0.01556,0.831,7.08,0,0,0,1,23:01,778.1,41.02554333,-83.68254833,10000,Autumn
W02707,9/21/2022,13.07,0.062,0.6932,10.4724,0,,,Wetland Pool 43,10000,sample,,,41.026,-83.68342,0.1316666666666666,4.115002333333334,0.1306833333333333,1.8173666666666668,0,0.062,13.07,0.6932,10.4724,0,1,13:1 to 32:1,776.2,41.02607333,-83.68343667,10000,Autumn
W02708,9/21/2022,1.08,0.037,0,0,0,,,Wetland Pool 26,22424,sample,,,41.02465333,-83.68499167,0.1085555555555555,1.5949301111111112,0,0.024377778,0.002455556,0.037,1.08,0,0,0,2,10:01,775.2,41.02492167,-83.68488333,22424,Autumn
W02747,11/1/2022,0.337236,0,0,0.3612,0,,,Aurand Run downstream,,sample,,,41.02389,-83.69826833,0.016545455,1.75824,0.024125,1.3299103333333333,0.002091667,0,0.337236,0,0.3612,0,,,,,,,Autumn
W02748,11/1/2022,6.548918,0.791,0.0898,0.1946,0.0134,,,Wetland Pool 1,353316,sample,,,41.02410167,-83.69638,0.1256086956521739,1.4951467173913042,0.062869388,0.296505694,0.006269388,0.791,6.548918,0.0898,0.1946,0.0134,6,14:1 to 35:1,770,41.0243,-83.6968,353316,Autumn
W02749,11/1/2022,0.358499,0,0,0.3615,0,,,Aurand Run connection to P1,,sample,,,41.02345667,-83.69620333,0.053363636,2.7123605454545454,0.046836364,2.1385950000000005,0.021063636,0,0.358499,0,0.3615,0,,,,,,,Autumn
W02750,11/1/2022,2.23291,0.261,0,0.1614,0,,,Wetland Pool 18,19452,sample,,,41.02404667,-83.68998833,0.099846154,1.4081614615384614,0.0448,0.064869214,0.014614286,0.2145,2.1181355,0,0.1677,0,2,12:1 to 19:1,774.8,41.02404667,-83.68998833,19452,Autumn
W02751,11/1/2022,2.003361,0.168,0,0.174,0,,,Wetland Pool 18,19452,sample,,,41.023765,-83.68996333,0.099846154,1.4081614615384614,0.0448,0.064869214,0.014614286,0.2145,2.1181355,0,0.1677,0,2,12:1 to 19:1,774.8,41.02404667,-83.68998833,19452,Autumn
W02752,11/1/2022,5.231225,0.642,0,0.1811,0,,,Wetland Pool 19,11124,sample,,Red and green algae. Not deep enough for proDSS,41.02320167,-83.69009833,0.1765555555555555,2.048147888888889,0.074633333,0.067111111,0.001611111,0.642,5.231225,0,0.1811,0,1.5,14:1 to 36:1,775.6,41.0231,-83.69028833,11124,Autumn
W02753,11/1/2022,2.191188,0.136,0,0.1742,0,,,Wetland Pool 9,52478,sample,,,41.02317833,-83.69225167,0.2299999999999999,2.2430332,0.0502,0.062281818,0.001536364,0.2015,2.555648,0,0.16605,0,2,12:1 to 26:1,774.1,41.023555,-83.69244,52478,Autumn
W02754,11/1/2022,2.920108,0.267,0,0.1579,0,,,Wetland Pool 9,52478,sample,,,41.02344,-83.69248,0.2299999999999999,2.2430332,0.0502,0.062281818,0.001536364,0.2015,2.555648,0,0.16605,0,2,12:1 to 26:1,774.1,41.023555,-83.69244,52478,Autumn
W02755,11/1/2022,2.161226,0.129,0,0.1606,0,,,Wetland Pool 4,49146,sample,,,41.023505,-83.69368667,0.1516363636363636,1.877506818181818,0.03235,0.069175,0.007766667,0.119,2.1095975,0,0.1628,0,2,16:1 to 52:1,773.7,41.02356336,-83.69422241,49146,Autumn
W02756,11/1/2022,2.057969,0.109,0,0.165,0,,,Wetland Pool 4,49146,sample,,,41.02334167,-83.69400833,0.1516363636363636,1.877506818181818,0.03235,0.069175,0.007766667,0.119,2.1095975,0,0.1628,0,2,16:1 to 52:1,773.7,41.02356336,-83.69422241,49146,Autumn
W02757,11/1/2022,0.492202,0,0.1437,0.3037,0,,,Aurand Run upstream,,sample,,,41.01936667,-83.68815,0.017333333,3.079126,0.07269,2.2705100000000003,0.00236,0,0.492202,0.1437,0.3037,0,,,,,,,Autumn
W02758,11/2/2022,0,0,0,0.157,0,,,Wetland Pool 20,5000,blank,,,41.022875,-83.68417,0.0895,0.2476249999999999,0.002225,0.060101631,0.05786875,0,0,0,0.0785,0,0.5,24:01:00,776.8,41.02360333,-83.68796667,5000,Autumn
W02759,11/2/2022,0,0,0,0,0,,,Wetland Pool 20,5000,blank,,,41.02279333,-83.68384667,0.0895,0.2476249999999999,0.002225,0.060101631,0.05786875,0,0,0,0.0785,0,0.5,24:01:00,776.8,41.02360333,-83.68796667,5000,Autumn
W02760,11/2/2022,1.984818,0.166,0,0,0,,,Wetland Pool 26,22424,sample,,,41.02436167,-83.68474167,0.1085555555555555,1.5949301111111112,0,0.024377778,0.002455556,0.148,1.8583195,0,0,0,2,10:01,775.2,41.02492167,-83.68488333,22424,Autumn
W02761,11/2/2022,1.93792,0.178,0,0,0,,,Wetland Pool 40,126000,sample,,,41.02453667,-83.6853,0.088074074,1.3274607407407406,0.008132143,0.042705821,0.000382143,0.3279999999999999,2.0488655,0,0,0,2,10:1 to 75:1,775.2,41.024775,-83.68513833,126000,Autumn
W02762,11/2/2022,2.159811,0.478,0,0,0,,,Wetland Pool 40,126000,sample,,,41.02420333,-83.68637,0.088074074,1.3274607407407406,0.008132143,0.042705821,0.000382143,0.3279999999999999,2.0488655,0,0,0,2,10:1 to 75:1,775.2,41.024775,-83.68513833,126000,Autumn
W02763,11/2/2022,2.426049,0.124,0,0,0,,,Wetland Pool 39,30000,sample,,,41.02410833,-83.68734333,0.10725,1.605461625,0.001633333,0.023833333,0.006288889,0.124,2.426049,0,0,0,1.5,15:1 to 65:1,775.8,41.02409167,-83.687305,30000,Autumn
W02764,11/2/2022,11.10326,1.235,0,0,0,,,Wetland Pool 29,30000,sample,,,41.02550333,-83.68681333,0.6738333333333334,5.941913166666667,0.0421,0.022466667,0.0201,1.235,11.10326,0,0,0,1.5,10:01,775.7,41.02547,-83.686815,30000,Autumn
W02765,11/2/2022,8.23239,0.851,0,0,0.0345,,,Wetland Pool 30,20000,sample,,,41.02582833,-83.68627833,0.1769090909090909,2.2388654545454547,0.074133333,0.125075,0.012716667,0.496,5.4419995000000005,0,0,0.01725,2,14:1 to 28:1,775.1,41.02577,-83.686365,20000,Autumn
W02766,11/2/2022,2.651609,0.141,0,0,0,,,Wetland Pool 30,20000,sample,,,41.02569667,-83.68627167,0.1769090909090909,2.2388654545454547,0.074133333,0.125075,0.012716667,0.496,5.4419995000000005,0,0,0.01725,2,14:1 to 28:1,775.1,41.02577,-83.686365,20000,Autumn
W02767,11/2/2022,4.493897,0.343,0,0,0,,,Wetland Pool 42,15000,sample,,,41.026035,-83.684735,0.3547272727272727,3.3046794545454548,0.013191667,0.056083333,0.018108333,0.343,4.493897,0,0,0,1.5,15:1 to 32:1,775.5,41.02595667,-83.68474,15000,Autumn
W02768,11/2/2022,2.6414,0.152,0,0,0,,,Wetland Pool 35,26318,sample,,,41.02641667,-83.68311333,0.141875,1.933630125,0.02165,0.035975,0.0082125,0.152,2.6414,0,0,0,2,12:1 to 32:1,775.1,41.026435,-83.683175,26318,Autumn
W02769,11/2/2022,2.720043,0.1,0,0,0,,,Wetland Pool 34,15000,sample,,,41.02585167,-83.68227167,0.1232222222222222,2.1979314444444444,0.03743,0.04212,0,0.1,2.720043,0,0,0,1.5,10:01,775.6,41.02589833,-83.68242333,15000,Autumn
W02770,11/2/2022,1.731821,0.13,0,0,0,,,Wetland Pool 26,22424,sample,,,41.02425333,-83.68497167,0.1085555555555555,1.5949301111111112,0,0.024377778,0.002455556,0.148,1.8583195,0,0,0,2,10:01,775.2,41.02492167,-83.68488333,22424,Autumn
W02796,11/17/2022,0,0,0,0.1019,0,,,Wetland Pool 20,5000,blank,,,41.02274333,-83.68374833,0.0895,0.2476249999999999,0.002225,0.060101631,0.05786875,0,0,0,0.1019,0,0.5,24:01:00,776.8,41.02360333,-83.68796667,5000,Autumn
W02797,11/17/2022,1.834232,0.117,0,0.0882,0,,,Wetland Pool 40,126000,sample,,,41.02458833,-83.68528833,0.088074074,1.3274607407407406,0.008132143,0.042705821,0.000382143,0.1036666666666666,1.6803493333333333,0,0.0955,0,2,10:1 to 75:1,775.2,41.024775,-83.68513833,126000,Autumn
W02798,11/17/2022,1.591444,0.094,0,0.1049,0,,,Wetland Pool 40,126000,sample,,,41.02424,-83.68598,0.088074074,1.3274607407407406,0.008132143,0.042705821,0.000382143,0.1036666666666666,1.6803493333333333,0,0.0955,0,2,10:1 to 75:1,775.2,41.024775,-83.68513833,126000,Autumn
W02799,11/17/2022,1.615372,0.1,0,0.0934,0,,,Wetland Pool 40,126000,replicate,,,41.02425167,-83.68597833,0.088074074,1.3274607407407406,0.008132143,0.042705821,0.000382143,0.1036666666666666,1.6803493333333333,0,0.0955,0,2,10:1 to 75:1,775.2,41.024775,-83.68513833,126000,Autumn
W02800,11/29/2022,0,0,0.045,0,0,,,Wetland Pool 1,353316,blank,,,41.02506333,-83.69828,0.1256086956521739,1.4951467173913042,0.062869388,0.296505694,0.006269388,0.016666667,3.98,0.8088333333333333,2.688133333333333,0,6,14:1 to 35:1,770,41.0243,-83.6968,353316,Autumn
W02801,11/29/2022,0,0,0.1126,0,0,,,Wetland Pool 1,353316,blank,,,41.02505833,-83.69827333,0.1256086956521739,1.4951467173913042,0.062869388,0.296505694,0.006269388,0.016666667,3.98,0.8088333333333333,2.688133333333333,0,6,14:1 to 35:1,770,41.0243,-83.6968,353316,Autumn
W02802,11/29/2022,0.37,0,0.1024,0.2875,0,,,Aurand Run downstream,,sample,,,41.02386167,-83.69825333,0.016545455,1.75824,0.024125,1.3299103333333333,0.002091667,0,0.37,0.1024,0.2875,0,,,,,,,Autumn
W02803,11/29/2022,11.94,0.05,2.2689,8.0644,0,,,Wetland Pool 1,353316,sample,,,41.024125,-83.69645,0.1256086956521739,1.4951467173913042,0.062869388,0.296505694,0.006269388,0.016666667,3.98,0.8088333333333333,2.688133333333333,0,6,14:1 to 35:1,770,41.0243,-83.6968,353316,Autumn
W02804,11/29/2022,1.49,0.08,0.0307,0.1067,0,,,Wetland Pool 18,19452,sample,,,41.02402167,-83.69000667,0.099846154,1.4081614615384614,0.0448,0.064869214,0.014614286,0.085,1.5,0.03155,0.05335,0,2,12:1 to 19:1,774.8,41.02404667,-83.68998833,19452,Autumn
W02805,11/29/2022,1.51,0.09,0.0324,0,0,,,Wetland Pool 18,19452,sample,,,41.02376167,-83.68995333,0.099846154,1.4081614615384614,0.0448,0.064869214,0.014614286,0.085,1.5,0.03155,0.05335,0,2,12:1 to 19:1,774.8,41.02404667,-83.68998833,19452,Autumn
W02806,11/29/2022,4.73,0.38,0.6717,0,0,,,Wetland Pool 19,11124,sample,,,41.023135,-83.6901,0.1765555555555555,2.048147888888889,0.074633333,0.067111111,0.001611111,0.38,4.73,0.6717,0,0,1.5,14:1 to 36:1,775.6,41.0231,-83.69028833,11124,Autumn
W02807,11/29/2022,1.97,0.17,0.2947,0,0,,,Wetland Pool 9,52478,sample,,,41.02310167,-83.69229167,0.2299999999999999,2.2430332,0.0502,0.062281818,0.001536364,0.19,2.2,0.2761,0,0,2,12:1 to 26:1,774.1,41.023555,-83.69244,52478,Autumn
W02808,11/29/2022,2.43,0.21,0.2575,0,0,,,Wetland Pool 9,52478,sample,,,41.023375,-83.69246167,0.2299999999999999,2.2430332,0.0502,0.062281818,0.001536364,0.19,2.2,0.2761,0,0,2,12:1 to 26:1,774.1,41.023555,-83.69244,52478,Autumn
W02809,11/29/2022,1.64,0.1,0.1376,0,0,,,Wetland Pool 4,49146,sample,,,41.02355333,-83.69356833,0.1516363636363636,1.877506818181818,0.03235,0.069175,0.007766667,0.125,1.75,0.08295,0,0,2,16:1 to 52:1,773.7,41.02356336,-83.69422241,49146,Autumn
W02810,11/29/2022,1.86,0.15,0.0283,0,0,,,Wetland Pool 4,49146,sample,,,41.02334167,-83.69406833,0.1516363636363636,1.877506818181818,0.03235,0.069175,0.007766667,0.125,1.75,0.08295,0,0,2,16:1 to 52:1,773.7,41.02356336,-83.69422241,49146,Autumn
W02811,11/29/2022,0.35,0,0.2631,0.2758,0,,,Aurand Run connection to P1,,sample,,,41.02342833,-83.69605167,0.053363636,2.7123605454545454,0.046836364,2.1385950000000005,0.021063636,0,0.35,0.2631,0.2758,0,,,,,,,Autumn
W02812,11/29/2022,0.43,0,0.2311,0.2674,0,,,Aurand Run upstream,,sample,,,41.01941333,-83.688225,0.017333333,3.079126,0.07269,2.2705100000000003,0.00236,0,0.43,0.2311,0.2674,0,,,,,,,Autumn
W02813,12/1/2022,0,0,0.0356,0.0913,0,,,Wetland Pool 20,5000,blank,,,41.02259167,-83.683725,0.0895,0.2476249999999999,0.002225,0.060101631,0.05786875,0,0,0.0178,0.04565,0,0.5,24:01:00,776.8,41.02360333,-83.68796667,5000,Winter
W02814,12/1/2022,0,0,0,0,0,,,Wetland Pool 20,5000,blank,,,41.02257333,-83.68372667,0.0895,0.2476249999999999,0.002225,0.060101631,0.05786875,0,0,0.0178,0.04565,0,0.5,24:01:00,776.8,41.02360333,-83.68796667,5000,Winter
W02815,12/1/2022,1.61,0.2,0.0261,0,0,,,Wetland Pool 40,126000,sample,,Ice about one inch thick had to be broken. This disturbed the water somewhat to various degrees for all samples,41.02430667,-83.68568333,0.088074074,1.3274607407407406,0.008132143,0.042705821,0.000382143,0.14,1.48,0.0418,0,0,2,10:1 to 75:1,775.2,41.024775,-83.68513833,126000,Winter
W02816,12/1/2022,2.11,0.32,0,0,0.0121,,,Wetland Pool 39,30000,sample,,Icebreaking disturbed some sediment,41.02403667,-83.687345,0.10725,1.605461625,0.001633333,0.023833333,0.006288889,0.32,2.11,0,0,0.0121,1.5,15:1 to 65:1,775.8,41.02409167,-83.687305,30000,Winter
W02817,12/1/2022,5.93,0.55,0.2526,0,0,,,Wetland Pool 29,30000,sample,,,41.02552167,-83.68679667,0.6738333333333334,5.941913166666667,0.0421,0.022466667,0.0201,0.55,5.93,0.2526,0,0,1.5,10:01,775.7,41.02547,-83.686815,30000,Winter
W02818,12/1/2022,3.38,0.09,0.8675,0.2118,0,,,Wetland Pool 30,20000,sample,,Ice,41.02574667,-83.68627667,0.1769090909090909,2.2388654545454547,0.074133333,0.125075,0.012716667,0.09,3.38,0.8675,0.2118,0,2,14:1 to 28:1,775.1,41.02577,-83.686365,20000,Winter
W02819,12/1/2022,5.35,0.51,0,0,0,,,Wetland Pool 42,15000,sample,,Ice,41.02604167,-83.68470833,0.3547272727272727,3.3046794545454548,0.013191667,0.056083333,0.018108333,0.51,5.35,0,0,0,1.5,15:1 to 32:1,775.5,41.02595667,-83.68474,15000,Winter
W02820,12/1/2022,3.1,0.28,0,0,0,,,Wetland Pool 35,26318,sample,,Ice ,41.02645667,-83.68310667,0.141875,1.933630125,0.02165,0.035975,0.0082125,0.28,3.1,0,0,0,2,12:1 to 32:1,775.1,41.026435,-83.683175,26318,Winter
W02821,12/1/2022,2.56,0.16,0.2054,0,0,,,Wetland Pool 34,15000,sample,,Ice,41.02593,-83.682375,0.1232222222222222,2.1979314444444444,0.03743,0.04212,0,0.185,2.58,0.1735,0,0,1.5,10:01,775.6,41.02589833,-83.68242333,15000,Winter
W02822,12/1/2022,2.6,0.21,0.1416,0,0,,,Wetland Pool 34,15000,sample,,Ice,41.025795,-83.68270333,0.1232222222222222,2.1979314444444444,0.03743,0.04212,0,0.185,2.58,0.1735,0,0,1.5,10:01,775.6,41.02589833,-83.68242333,15000,Winter
W02823,12/1/2022,1.54,0.13,0,0,0,,,Wetland Pool 26,22424,sample,,Ice,41.02471333,-83.6849,0.1085555555555555,1.5949301111111112,0,0.024377778,0.002455556,0.12,1.505,0,0,0,2,10:01,775.2,41.02492167,-83.68488333,22424,Winter
W02824,12/1/2022,1.35,0.08,0.0575,0,0,,,Wetland Pool 40,126000,sample,,Ice,41.024725,-83.68519667,0.088074074,1.3274607407407406,0.008132143,0.042705821,0.000382143,0.14,1.48,0.0418,0,0,2,10:1 to 75:1,775.2,41.024775,-83.68513833,126000,Winter
W02825,12/1/2022,1.47,0.11,,,,,,Wetland Pool 26,22424,sample,,Ice,41.02429167,-83.68503333,0.1085555555555555,1.5949301111111112,0,0.024377778,0.002455556,0.12,1.505,0,0,0,2,10:01,775.2,41.02492167,-83.68488333,22424,Winter
W02949,2/23/2023,0,0,0,0.1849,0,,,Wetland Pool 1,353316,blank,,,0,0,0.1256086956521739,1.4951467173913042,0.062869388,0.296505694,0.006269388,0.1333333333333333,0.4966666666666666,0,0.2328666666666666,0.027,6,14:1 to 35:1,770,41.0243,-83.6968,353316,Winter
W02950,2/23/2023,0,0,0,0.078,0,,,Wetland Pool 1,353316,blank,,,41.02505333,-83.69822333,0.1256086956521739,1.4951467173913042,0.062869388,0.296505694,0.006269388,0.1333333333333333,0.4966666666666666,0,0.2328666666666666,0.027,6,14:1 to 35:1,770,41.0243,-83.6968,353316,Winter
W02951,2/23/2023,11.79,0.45,0.098,9.3702,0.16,,,Aurand Run connection to P1,,sample,,,41.02335167,-83.69569833,0.053363636,2.7123605454545454,0.046836364,2.1385950000000005,0.021063636,0.45,11.79,0.098,9.3702,0.16,,,,,,,Winter
W02952,2/23/2023,1.49,0.4,0,0.4357,0.081,,,Wetland Pool 1,353316,sample,,,41.02420667,-83.69542333,0.1256086956521739,1.4951467173913042,0.062869388,0.296505694,0.006269388,0.1333333333333333,0.4966666666666666,0,0.2328666666666666,0.027,6,14:1 to 35:1,770,41.0243,-83.6968,353316,Winter
W02953,2/23/2023,0.71,0.29,0,0.2653,0.1586,,,Wetland Pool 36,5000,sample,,,41.02677,-83.68446333,0.2032,1.7152,0.3879,0.21642,0.0888,0.29,0.71,0,0.2653,0.1586,0.5,27:1 to 35:1,776.8,41.02677,-83.68446333,5000,Winter
W02954,2/23/2023,1.78,0.38,0.0204,0.1132,0.0915,,,Wetland Pool 42,15000,sample,,,41.02625667,-83.68469833,0.3547272727272727,3.3046794545454548,0.013191667,0.056083333,0.018108333,0.35,1.445,0.0102,0.1112,0.09795,1.5,15:1 to 32:1,775.5,41.02595667,-83.68474,15000,Winter
W02955,2/23/2023,1.11,0.32,0,0.1092,0.1044,,,Wetland Pool 42,15000,sample,,,41.02624333,-83.68481,0.3547272727272727,3.3046794545454548,0.013191667,0.056083333,0.018108333,0.35,1.445,0.0102,0.1112,0.09795,1.5,15:1 to 32:1,775.5,41.02595667,-83.68474,15000,Winter
W02956,2/23/2023,1.21,0.21,0.0225,0.121,0.0383,,,Wetland Pool 31,10000,sample,,,41.02593833,-83.68519,0.2442857142857142,2.6817724285714286,0.036542857,0.085242857,0.022057143,0.205,1.13,0.01125,0.1377,0.0427,1,10:01,776.1,41.02568,-83.68505833,10000,Winter
W02957,2/23/2023,1.05,0.2,0,0.1544,0.0471,,,Wetland Pool 31,10000,sample,,,41.02593667,-83.68528833,0.2442857142857142,2.6817724285714286,0.036542857,0.085242857,0.022057143,0.205,1.13,0.01125,0.1377,0.0427,1,10:01,776.1,41.02568,-83.68505833,10000,Winter
W02958,2/23/2023,1.69,0.4,0,0.8054,0.1181,,,Wetland Pool 30,20000,sample,,,41.02597667,-83.686335,0.1769090909090909,2.2388654545454547,0.074133333,0.125075,0.012716667,0.4,1.69,0,0.8054,0.1181,2,14:1 to 28:1,775.1,41.02577,-83.686365,20000,Winter
W03570,4/18/2023,0,0.15,0.0213,0.291,0,,,Wetland Pool 1,353316,blank,,,41.02503333,-83.69824,0.1256086956521739,1.4951467173913042,0.062869388,0.296505694,0.006269388,0.1166666666666666,0.3466666666666667,0.024233333,0.1849333333333333,0,6,14:1 to 35:1,770,41.0243,-83.6968,353316,Spring
W03571,4/18/2023,0,0,0.0514,0.1318,0,,,Wetland Pool 1,353316,blank,,,41.02502667,-83.69825667,0.1256086956521739,1.4951467173913042,0.062869388,0.296505694,0.006269388,0.1166666666666666,0.3466666666666667,0.024233333,0.1849333333333333,0,6,14:1 to 35:1,770,41.0243,-83.6968,353316,Spring
W03572,4/18/2023,0.95,0,0,0.945,0,,,Aurand Run downstream,,sample,,,41.02389,-83.69820333,0.016545455,1.75824,0.024125,1.3299103333333333,0.002091667,0,0.95,0,0.945,0,,,,,,,Spring
W03573,4/18/2023,1.04,0.2,0,0.132,0,,,Wetland Pool 1,353316,sample,,,41.023705,-83.69610333,0.1256086956521739,1.4951467173913042,0.062869388,0.296505694,0.006269388,0.1166666666666666,0.3466666666666667,0.024233333,0.1849333333333333,0,6,14:1 to 35:1,770,41.0243,-83.6968,353316,Spring
W03574,4/18/2023,0.73,0.02,0,0.6109,0,,,Aurand Run upstream,,sample,,,41.02335333,-83.695715,0.017333333,3.079126,0.07269,2.2705100000000003,0.00236,0.02,0.73,0,0.6109,0,,,,,,,Spring
W03575,4/18/2023,1.08,0.19,0,0.1222,0,,,Wetland Pool 4,49146,sample,,,41.02378833,-83.69421167,0.1516363636363636,1.877506818181818,0.03235,0.069175,0.007766667,0.19,1.08,0,0.1222,0,2,16:1 to 52:1,773.7,41.02356336,-83.69422241,49146,Spring
W03576,4/18/2023,1.03,0.1,0,0.1234,0,,,Wetland Pool 6,8055,sample,,,41.02398833,-83.693395,0.3162,2.6555936000000004,0.01196,0.10718,0.01054,0.1,1.03,0,0.1234,0,1,10:01,774.7,41.02399833,-83.69329,8055,Spring
W03577,4/18/2023,0.75,0.06,0,0.1255,0,,,Wetland Pool 8,6000,sample,,,41.02349667,-83.69280667,0.3268333333333333,2.8573513333333334,0.2026833333333333,0.075016667,0.045716667,0.06,0.75,0,0.1255,0,1.5,10:01,774.5,41.02390667,-83.69276833,6000,Spring
W03578,4/18/2023,0.93,0.19,0,0.109,0,,,Wetland Pool 9,52478,sample,,,41.02312667,-83.692535,0.2299999999999999,2.2430332,0.0502,0.062281818,0.001536364,0.19,0.93,0,0.109,0,2,12:1 to 26:1,774.1,41.023555,-83.69244,52478,Spring
W03579,4/18/2023,1.53,0.46,0,0.1194,0.1673,,,Wetland Pool 10,2000,sample,,,41.023065,-83.69183667,0.2525,1.098,0,0.08205,0.08365,0.46,1.53,0,0.1194,0.1673,0.5,10:01,776,41.02315881,-83.69262599,2000,Spring
W03580,4/18/2023,0.84,0.14,0,0.136,0.0334,,,Wetland Pool 11,4000,sample,,,41.023605,-83.69191167,0.1186666666666666,1.515,0,0.092733333,0.011133333,0.14,0.84,0,0.136,0.0334,1,10:01,775.4,41.02361667,-83.69210667,4000,Spring
W03581,4/18/2023,0.99,0.05,0,0.1192,0,,,Wetland Pool 12,12750,sample,,,41.02409333,-83.691875,0.3658888888888889,3.307778,0.1328888888888889,0.079488889,0.003288889,0.05,0.99,0,0.1192,0,1.5,12:1 to 48:1,774.9,41.02406,-83.69191667,12750,Spring
W03582,4/18/2023,0.79,0.09,0,0.1128,0,,,Wetland Pool 18,19452,sample,,,41.02375833,-83.69006833,0.099846154,1.4081614615384614,0.0448,0.064869214,0.014614286,0.09,0.79,0,0.1128,0,2,12:1 to 19:1,774.8,41.02404667,-83.68998833,19452,Spring
W03583,4/18/2023,0.68,0.02,0,0.1203,0,,,Wetland Pool 19,11124,sample,,,41.023275,-83.69018,0.1765555555555555,2.048147888888889,0.074633333,0.067111111,0.001611111,0.02,0.68,0,0.1203,0,1.5,14:1 to 36:1,775.6,41.0231,-83.69028833,11124,Spring
W03584,4/18/2023,0.68,0.06,0,0.1227,0,,,Wetland Pool 25,15000,sample,,,41.02416,-83.68450667,0.1818571428571428,1.4995155714285713,0.022671429,0.038657143,0.025885714,0.06,0.68,0,0.1227,0,1.5,16:1 to 19:1,775.8,41.02286167,-83.683685,15000,Spring
W03585,4/18/2023,0.72,0.06,0,0.1173,0,,,Wetland Pool 26,22424,sample,,,41.02457333,-83.68475833,0.1085555555555555,1.5949301111111112,0,0.024377778,0.002455556,0.06,0.72,0,0.1173,0,2,10:01,775.2,41.02492167,-83.68488333,22424,Spring
W03586,4/18/2023,0.87,0.03,0,0.1107,0,,,Wetland Pool 32,10000,sample,,,41.025785,-83.68403,0.055,1.7950000000000002,0.1533,0.62285,0.0125,0.03,0.87,0,0.1107,0,1,10:01,776.3,41.02601167,-83.683995,10000,Spring
W03587,4/18/2023,0.82,0.04,0,0.218,0,,,Wetland Pool 43,10000,sample,,,41.02600167,-83.68352167,0.1316666666666666,4.115002333333334,0.1306833333333333,1.8173666666666668,0,0.04,0.82,0,0.218,0,1,13:1 to 32:1,776.2,41.02607333,-83.68343667,10000,Spring
W03588,4/18/2023,0.9,0.11,0,0.1248,0,,,Wetland Pool 34,15000,sample,,,41.02591167,-83.68238833,0.1232222222222222,2.1979314444444444,0.03743,0.04212,0,0.11,0.9,0,0.1248,0,1.5,10:01,775.6,41.02589833,-83.68242333,15000,Spring
W03589,4/18/2023,0.63,0.02,0,0.1019,0,,,Wetland Pool 37,10000,sample,,,41.02690167,-83.68199833,0.0912,2.1038,0,0.0872234,0.00232,0.02,0.63,0,0.1019,0,1,10:01,776.4,41.02695667,-83.68210667,10000,Spring
W03590,4/18/2023,0.67,0.02,0,0.132,0,,,Wetland Pool 36,5000,sample,,,41.026735,-83.68442,0.2032,1.7152,0.3879,0.21642,0.0888,0.02,0.67,0,0.132,0,0.5,27:1 to 35:1,776.8,41.02677,-83.68446333,5000,Spring
W03591,4/18/2023,0.83,0.05,0.0857,0.1208,0,,,Wetland Pool 42,15000,sample,,,41.02622667,-83.68478667,0.3547272727272727,3.3046794545454548,0.013191667,0.056083333,0.018108333,0.05,0.83,0.0857,0.1208,0,1.5,15:1 to 32:1,775.5,41.02595667,-83.68474,15000,Spring
W03592,4/18/2023,0.84,0.03,0.0601,0.1015,0,,,Wetland Pool 31,10000,sample,,,41.02588333,-83.68523167,0.2442857142857142,2.6817724285714286,0.036542857,0.085242857,0.022057143,0.03,0.84,0.0601,0.1015,0,1,10:01,776.1,41.02568,-83.68505833,10000,Spring
W03593,4/18/2023,0.54,0.06,0,0.1119,0,,,Wetland Pool 30,20000,sample,,,41.02596167,-83.686375,0.1769090909090909,2.2388654545454547,0.074133333,0.125075,0.012716667,0.06,0.54,0,0.1119,0,2,14:1 to 28:1,775.1,41.02577,-83.686365,20000,Spring
W03594,4/18/2023,0.51,0.03,0,0.1173,0,,,Wetland Pool 39,30000,sample,,,41.02416667,-83.68729333,0.10725,1.605461625,0.001633333,0.023833333,0.006288889,0.03,0.51,0,0.1173,0,1.5,15:1 to 65:1,775.8,41.02409167,-83.687305,30000,Spring
W03595,4/18/2023,1.21,0.14,0,0.1337,0,,,Wetland Pool 40,126000,sample,,,41.02452667,-83.68529667,0.088074074,1.3274607407407406,0.008132143,0.042705821,0.000382143,0.14,1.21,0,0.1337,0,2,10:1 to 75:1,775.2,41.024775,-83.68513833,126000,Spring
W03637,6/7/2023,0,0,0,0.13373109,0,,,Wetland Pool 20,5000,blank,,Used drinking water,41.02283833,-83.68371667,0.0895,0.2476249999999999,0.002225,0.060101631,0.05786875,0,0,0,0.066865545,0,0.5,24:01:00,776.8,41.02360333,-83.68796667,5000,Summer
W03638,6/7/2023,0,0,0,0,0,,,Wetland Pool 20,5000,blank,,Used bottled water,41.02283833,-83.68371667,0.0895,0.2476249999999999,0.002225,0.060101631,0.05786875,0,0,0,0.066865545,0,0.5,24:01:00,776.8,41.02360333,-83.68796667,5000,Summer
W03639,6/7/2023,0.95,0.07,0,0,0,,,Wetland Pool 1,353316,sample,,Water depth at staff gauge,41.02403333,-83.69656667,0.1256086956521739,1.4951467173913042,0.062869388,0.296505694,0.006269388,0.05,0.935,0,0,0,6,14:1 to 35:1,770,41.0243,-83.6968,353316,Summer
W03640,6/7/2023,0.92,0.03,0,0,0,,,Wetland Pool 1,353316,replicate,,Water depth at staff gauge,41.02403333,-83.696555,0.1256086956521739,1.4951467173913042,0.062869388,0.296505694,0.006269388,0.05,0.935,0,0,0,6,14:1 to 35:1,770,41.0243,-83.6968,353316,Summer
W03641,6/7/2023,1.21,0.07,0,0,0,,,Wetland Pool 40,126000,sample,,East side near sond.,41.02453167,-83.68526667,0.088074074,1.3274607407407406,0.008132143,0.042705821,0.000382143,0.076666667,1.2533333333333332,0,0,0,2,10:1 to 75:1,775.2,41.024775,-83.68513833,126000,Summer
W03642,6/7/2023,1.32,0.08,0,0,0,,,Wetland Pool 40,126000,replicate,,,41.02452,-83.68524167,0.088074074,1.3274607407407406,0.008132143,0.042705821,0.000382143,0.076666667,1.2533333333333332,0,0,0,2,10:1 to 75:1,775.2,41.024775,-83.68513833,126000,Summer
W03643,6/7/2023,1.23,0.08,0,0,0,,,Wetland Pool 40,126000,replicate,,,41.02452,-83.68524333,0.088074074,1.3274607407407406,0.008132143,0.042705821,0.000382143,0.076666667,1.2533333333333332,0,0,0,2,10:1 to 75:1,775.2,41.024775,-83.68513833,126000,Summer
W03644,6/14/2023,2.08,0.19,0.04,0.1488,0,,,Wetland Pool 42,15000,sample,,No flow from tile. Lots of dense vegetation mucky uneven bottom ,41.02621667,-83.684715,0.3547272727272727,3.3046794545454548,0.013191667,0.056083333,0.018108333,0.19,2.08,0.04,0.1488,0,1.5,15:1 to 32:1,775.5,41.02595667,-83.68474,15000,Summer
W03645,6/14/2023,5.31,0.36,1.9395,0.5743,0.1759,,,Wetland Pool 36,5000,sample,,Moderate vegetation.  No flow. Puddles only. ,41.026755,-83.684405,0.2032,1.7152,0.3879,0.21642,0.0888,0.36,5.31,1.9395,0.5743,0.1759,0.5,27:1 to 35:1,776.8,41.02677,-83.68446333,5000,Summer
W03646,6/14/2023,1.26,0.12,0,0.116,0,,,Wetland Pool 35,26318,sample,,Mucky uneven bottom. Moderately vegetated. ,41.02649667,-83.68315667,0.141875,1.933630125,0.02165,0.035975,0.0082125,0.12,1.26,0,0.116,0,2,12:1 to 32:1,775.1,41.026435,-83.683175,26318,Summer
W03647,6/14/2023,1.99,0.26,0,0.1305,0.1057,,,Wetland Pool 38,15000,sample,,Moderate veg. Firm bottom.,41.026625,-83.68169667,0.1671666666666666,2.4038666666666666,0.024566667,0.075264,0.029983333,0.26,1.99,0,0.1305,0.1057,1.5,10:01,775.8,41.02657333,-83.68182167,15000,Summer
W03648,6/14/2023,1.47,0.17,0,0.1032,0,,,Wetland Pool 34,15000,sample,,Extremely soft mucky uneven bottom. Moderate veg,41.02586167,-83.68226,0.1232222222222222,2.1979314444444444,0.03743,0.04212,0,0.17,1.47,0,0.1032,0,1.5,10:01,775.6,41.02589833,-83.68242333,15000,Summer
W03649,6/14/2023,1.14,0.1,0,0.0997,0.0188,,,Wetland Pool 33,10000,sample,,Dense tall veg,41.02543167,-83.68252833,0.3428,3.5404494,0,0.04104,0.01556,0.1,1.14,0,0.0997,0.0188,1,23:01,778.1,41.02554333,-83.68254833,10000,Summer
W03650,6/14/2023,1.21,0.05,0,0.0882,0,,,Wetland Pool 43,10000,sample,,Minimal vegetation. Algae present,41.026145,-83.68338,0.1316666666666666,4.115002333333334,0.1306833333333333,1.8173666666666668,0,0.05,1.21,0,0.0882,0,1,13:1 to 32:1,776.2,41.02607333,-83.68343667,10000,Summer
W03651,6/14/2023,0,0,0,0.1097,0,,,Wetland Pool 20,5000,blank,,,41.02275167,-83.68374167,0.0895,0.2476249999999999,0.002225,0.060101631,0.05786875,0,0,0,0.09055,0,0.5,24:01:00,776.8,41.02360333,-83.68796667,5000,Summer
W03652,6/14/2023,0,0,0,0.0714,0,,,Wetland Pool 20,5000,blank,,,41.02272667,-83.68375,0.0895,0.2476249999999999,0.002225,0.060101631,0.05786875,0,0,0,0.09055,0,0.5,24:01:00,776.8,41.02360333,-83.68796667,5000,Summer
W03653,6/14/2023,2.72,0.08,0.3066,1.135,0.025,,,Wetland Pool 32,10000,sample,,Light-moderate veg. Firm bottom. Puddles. ,41.02601167,-83.683995,0.055,1.7950000000000002,0.1533,0.62285,0.0125,0.08,2.72,0.3066,1.135,0.025,1,10:01,776.3,41.02601167,-83.683995,10000,Summer
W03654,6/14/2023,1.87,0.18,0,0.0712,0,,,Wetland Pool 31,10000,sample,,No flow from tiles. Depth varies/puddles. Range 4-14 cm. ,41.02585,-83.685315,0.2442857142857142,2.6817724285714286,0.036542857,0.085242857,0.022057143,0.18,1.87,0,0.0712,0,1,10:01,776.1,41.02568,-83.68505833,10000,Summer
W03655,6/14/2023,0.89,0.03,0,0.1102,0,,,Wetland Pool 30,20000,sample,,No flow. Moderate dense vegetation mostly underwater ,41.02598667,-83.686355,0.1769090909090909,2.2388654545454547,0.074133333,0.125075,0.012716667,0.03,0.89,0,0.1102,0,2,14:1 to 28:1,775.1,41.02577,-83.686365,20000,Summer
W03656,6/14/2023,1.96,0.25,0,0.4992,0,,,Wetland Pool 22,15000,sample,,Moderate dense vegetation soft bottom,41.02490333,-83.68770167,0.1783333333333333,1.7066666666666663,0.017166667,0.1381508333333333,0.025966667,0.25,1.96,0,0.4992,0,1.5,10:01,775.7,41.02496833,-83.68720333,15000,Summer
W03657,6/15/2023,0,0,0,0.2741,0,,,Wetland Pool 1,353316,blank,,,41.02507167,-83.69828333,0.1256086956521739,1.4951467173913042,0.062869388,0.296505694,0.006269388,0.01,0.3333333333333333,0,0.2277333333333333,0,6,14:1 to 35:1,770,41.0243,-83.6968,353316,Summer
W03658,6/15/2023,0,0,0,0.1805,0,,,Wetland Pool 1,353316,blank,,,41.025085,-83.69826333,0.1256086956521739,1.4951467173913042,0.062869388,0.296505694,0.006269388,0.01,0.3333333333333333,0,0.2277333333333333,0,6,14:1 to 35:1,770,41.0243,-83.6968,353316,Summer
W03659,6/15/2023,4.7,0,0,4.4833,0,,,Aurand Run downstream,,sample,,,41.02391333,-83.69821667,0.016545455,1.75824,0.024125,1.3299103333333333,0.002091667,0,4.7,0,4.4833,0,,,,,,,Summer
W03660,6/15/2023,1,0.03,0,0.2286,0,,,Wetland Pool 1,353316,sample,,,41.02407833,-83.69663667,0.1256086956521739,1.4951467173913042,0.062869388,0.296505694,0.006269388,0.01,0.3333333333333333,0,0.2277333333333333,0,6,14:1 to 35:1,770,41.0243,-83.6968,353316,Summer
W03661,6/15/2023,4.54,0,0,4.4641,0,,,Aurand Run connection to P1,,sample,,No connection,41.02348167,-83.69610167,0.053363636,2.7123605454545454,0.046836364,2.1385950000000005,0.021063636,0,4.54,0,4.4641,0,,,,,,,Summer
W03662,6/15/2023,5.86,0.91,0.0598,0.2437,0.0414,,,Wetland Pool 6,8055,sample,,,41.02408,-83.69325667,0.3162,2.6555936000000004,0.01196,0.10718,0.01054,0.91,5.86,0.0598,0.2437,0.0414,1,10:01,774.7,41.02399833,-83.69329,8055,Summer
W03663,6/15/2023,6.46,1.16,1.2161,0.1758,0.1776,,,Wetland Pool 8,6000,sample,,,41.02376833,-83.69255,0.3268333333333333,2.8573513333333334,0.2026833333333333,0.075016667,0.045716667,1.16,6.46,1.2161,0.1758,0.1776,1.5,10:01,774.5,41.02390667,-83.69276833,6000,Summer
W03664,6/15/2023,3.64,0.43,1.1857,0.1887,0,,,Wetland Pool 12,12750,sample,,,41.02412333,-83.69184667,0.3658888888888889,3.307778,0.1328888888888889,0.079488889,0.003288889,0.43,3.64,1.1857,0.1887,0,1.5,12:1 to 48:1,774.9,41.02406,-83.69191667,12750,Summer
W03665,6/15/2023,2.37,0.39,0.0261,0.1997,0.0433,,,Wetland Pool 13,6000,sample,,Very dense tall veg cattails,41.024105,-83.69132333,0.1462,1.6569292,0.01142,0.08606,0.00866,0.39,2.37,0.0261,0.1997,0.0433,1.5,10:01,775.1,41.02396667,-83.69073333,6000,Summer
W03666,6/15/2023,1.12,0.06,0,0,0,,,Wetland Pool 18,19452,sample,,Cattails on edges. Other low or underwater veg in deeper water,41.0238,-83.68997833,0.099846154,1.4081614615384614,0.0448,0.064869214,0.014614286,0.06,1.12,0,0,0,2,12:1 to 19:1,774.8,41.02404667,-83.68998833,19452,Summer
W03667,6/15/2023,1.55,0.1,0,0.2136,0,,,Wetland Pool 19,11124,sample,,Cattail edges low veg middle like pool 18,41.02325333,-83.69018333,0.1765555555555555,2.048147888888889,0.074633333,0.067111111,0.001611111,0.1,1.55,0,0.2136,0,1.5,14:1 to 36:1,775.6,41.0231,-83.69028833,11124,Summer
W03668,6/15/2023,1.22,0.15,0,0.1732,0.0174,,,Wetland Pool 4,49146,sample,,Veg and depth like 9,41.02349,-83.69364833,0.1516363636363636,1.877506818181818,0.03235,0.069175,0.007766667,0.15,1.22,0,0.1732,0.0174,2,16:1 to 52:1,773.7,41.02356336,-83.69422241,49146,Summer
W03669,6/15/2023,15.57,0.02,0.0235,13.9452,0,,,Aurand Run upstream,,sample,,,,,0.017333333,3.079126,0.07269,2.2705100000000003,0.00236,0.02,15.57,0.0235,13.9452,0,,,,,,,Summer
W03744,7/26/2023,,,0,0.0792,0,,,Wetland Pool 1,353316,blank,,,41.02510833,-83.69819167,0.1256086956521739,1.4951467173913042,0.062869388,0.296505694,0.006269388,,,0,0.0496,0,6,14:1 to 35:1,770,41.0243,-83.6968,353316,Summer
W03745,7/26/2023,,,0,0.0696,0,,,Wetland Pool 1,353316,blank,,,41.02509833,-83.6982,0.1256086956521739,1.4951467173913042,0.062869388,0.296505694,0.006269388,,,0,0.0496,0,6,14:1 to 35:1,770,41.0243,-83.6968,353316,Summer
W03746,7/26/2023,,,0.0787,0.2963,0.0133,,,Aurand Run downstream,,sample,,,41.023875,-83.69822333,0.016545455,1.75824,0.024125,1.3299103333333333,0.002091667,,,0.0787,0.2963,0.0133,,,,,,,Summer
W03747,7/26/2023,,,0,0,0,,,Wetland Pool 1,353316,sample,,,41.02405167,-83.69654833,0.1256086956521739,1.4951467173913042,0.062869388,0.296505694,0.006269388,,,0,0.0496,0,6,14:1 to 35:1,770,41.0243,-83.6968,353316,Summer
W03748,7/26/2023,,,0,0,0,,,Wetland Pool 18,19452,sample,,,41.023715,-83.68997833,0.099846154,1.4081614615384614,0.0448,0.064869214,0.014614286,,,0,0,0,2,12:1 to 19:1,774.8,41.02404667,-83.68998833,19452,Summer
W03749,7/26/2023,,,0,0,0.0169,,,Wetland Pool 9,52478,sample,,,41.02323833,-83.69234833,0.2299999999999999,2.2430332,0.0502,0.062281818,0.001536364,,,0,0,0.0169,2,12:1 to 26:1,774.1,41.023555,-83.69244,52478,Summer
W03750,7/26/2023,,,0.0267,0,0.0435,,,Wetland Pool 4,49146,sample,,,41.02344167,-83.69373,0.1516363636363636,1.877506818181818,0.03235,0.069175,0.007766667,,,0.0267,0,0.0435,2,16:1 to 52:1,773.7,41.02356336,-83.69422241,49146,Summer
W03751,7/26/2023,,,0,0,0,,,Aurand Run upstream,,sample,,,41.01937833,-83.688265,0.017333333,3.079126,0.07269,2.2705100000000003,0.00236,,,0,0,0,,,,,,,Summer
W03736,7/25/2023,,,0,0.086,0,,,Wetland Pool 34,15000,sample,,,41.02584167,-83.68247167,0.1232222222222222,2.1979314444444444,0.03743,0.04212,0,,,0,0.086,0,1.5,10:01,775.6,41.02589833,-83.68242333,15000,Summer
W03737,7/25/2023,,,0,0,0,,,Wetland Pool 42,15000,sample,,,41.02611833,-83.68465833,0.3547272727272727,3.3046794545454548,0.013191667,0.056083333,0.018108333,,,0,0,0,1.5,15:1 to 32:1,775.5,41.02595667,-83.68474,15000,Summer
W03738,7/25/2023,,,0,0.0677,0,,,Wetland Pool 30,20000,sample,,,41.02568333,-83.686055,0.1769090909090909,2.2388654545454547,0.074133333,0.125075,0.012716667,,,0,0.0677,0,2,14:1 to 28:1,775.1,41.02577,-83.686365,20000,Summer
W03739,7/25/2023,,,0,0,0,,,Wetland Pool 39,30000,sample,,,41.02396667,-83.68750167,0.10725,1.605461625,0.001633333,0.023833333,0.006288889,,,0,0,0,1.5,15:1 to 65:1,775.8,41.02409167,-83.687305,30000,Summer
W03740,7/25/2023,,,0,0.0559,0.0105,,,Wetland Pool 26,22424,sample,,,41.02462167,-83.68506667,0.1085555555555555,1.5949301111111112,0,0.024377778,0.002455556,,,0,0.0559,0.0105,2,10:01,775.2,41.02492167,-83.68488333,22424,Summer
W03741,7/25/2023,,,0,0,0,,,Wetland Pool 40,126000,sample,,,41.02455167,-83.685265,0.088074074,1.3274607407407406,0.008132143,0.042705821,0.000382143,,,0,0,0,2,10:1 to 75:1,775.2,41.024775,-83.68513833,126000,Summer
W03742,7/25/2023,,,0,0,0,,,Wetland Pool 20,5000,blank,,,,,0.0895,0.2476249999999999,0.002225,0.060101631,0.05786875,,,0,0,0,0.5,24:01:00,776.8,41.02360333,-83.68796667,5000,Summer
W03743,7/25/2023,,,0,0,0,,,Wetland Pool 20,5000,blank,,,,,0.0895,0.2476249999999999,0.002225,0.060101631,0.05786875,,,0,0,0,0.5,24:01:00,776.8,41.02360333,-83.68796667,5000,Summer
